,ts11,ts12,ts13,ts14,ts15,ts21,ts22,ts23,ts24,ts25,ts31,ts32,ts33,ts34,ts35,ts41,ts42,ts43,ts44,ts45,ts51,ts52,ts53,ts54,ts55
0,1.7047019128585226,4.078808694926209,2.9565320962135164,4.593707596136723,-3.056484421895993,-1.7900164467672317,-5.185481296837034,0.9783971493216822,0.7895161329757061,-3.9686286322321482,-0.5657741344571812,1.5256619338821626,-5.2899705742555465,1.704384881323922,-2.99108238573789,-1.5290923958896105,-1.0510128380856318,-6.187301091555646,-3.826466815973964,1.9448585041048823,-0.7834156658504943,2.4353115204387707,3.751578980653182,-8.098674304047313,-12.00409291424711
1,2.470909659808111,-3.1172905170871372,1.7225649459264227,0.6013206011031047,7.16380160835242,-2.2744263120013226,-5.18716016659506,1.0645928363059225,0.1269903256681575,3.9249393100821455,0.6699676767276284,2.8626874419133963,-0.6351572879352743,7.978557228402541,1.5034758125765952,1.5093460215904395,-1.3311741628671818,5.556173630689404,1.756740159403732,14.322892752907329,-0.8856192730616144,-5.003487418652991,2.1281447859508535,-4.0718358892529425,-11.748313768351899
2,5.6478575500492205,-7.244445644850639,-3.189611394880265,-2.08846838197066,2.511863521819383,-1.2869051530991982,6.284934368202432,1.0992608259917773,-1.3561561556478763,2.1883817946683903,4.454913013588172,10.320258917069363,-5.35429820054301,8.271642947208058,-0.1322123529197916,-3.942597306302207,0.9648755212786289,5.118875695712839,-4.363377648938615,4.207783954292912,-1.4399905976591947,-0.020623524049337316,4.271037475507596,12.41533144744414,14.198448736223192
3,2.445930800060746,-5.041972363069259,-1.213392354140833,-0.48543751501844734,-9.105270290114698,2.1729777218145467,5.843642639172735,6.230280126295181,-0.560850862077631,-16.08319241650763,7.3346493854139645,4.273263023738967,-3.3040854405645947,8.645576645297258,-8.658673532582197,2.633375858941484,-2.0732579916108063,5.195362136284031,-4.148845149980355,3.464642384980008,-3.2190368236398275,-2.9109384197216537,3.2684927786248927,1.5003172024094495,0.832354524389338
4,2.1520962858390273,2.1187327871421306,-8.87691322910128,2.228131172290845,5.4470479283202256,2.289022148391436,-0.378060313413084,12.626575009418175,1.623018589568151,-2.633644257814505,3.1090417755800743,5.283934966753829,-6.35592356375208,11.934660710620125,-18.565954920917644,10.080983078788528,2.711061699299176,5.4618902459131995,-8.489328107954085,6.612292181669016,-4.308114559354306,6.3090070779151715,-1.590763808197635,15.389131237886321,3.5317896450348893
5,3.266317451666774,-0.8271865615034637,-2.561025337012934,0.18480962477823215,0.23573677328861353,5.111204919785366,4.758436891355467,7.583154051560742,-3.288044668921238,-6.935569669997725,3.290971832054826,0.4619351067437847,-6.012848001398532,14.090526717863527,-14.475698884970324,8.76607358193984,1.0445740235449763,-0.2977318313086057,-11.967888156927975,0.035603934616336375,4.676079870761043,13.145275735809054,1.4555456164982752,12.108681677496026,-9.350999726033448
6,1.750133291146247,-0.8011835425168621,-7.70821643055791,-5.0494228183488294,-7.685816859993039,8.116700804016322,-0.20447861727558392,5.555222367007217,-6.341347374037814,3.0914613316397075,4.487131696774674,0.2705047259053601,-4.658824502116575,7.064417684169973,-13.596831403085885,14.599471201815259,3.8180951308557436,2.562822685137543,-11.030249397410774,8.444560846197522,-0.18729398905929373,9.259410177828878,5.545377353547019,16.183623990806176,-9.262786969933337
7,2.1499060309068665,-2.1142266817621307,-6.045303955041799,0.3591516903311496,4.845276424251317,5.7309026195667885,0.06729679262640448,12.049961868700723,-5.477750964078739,-7.922981824467264,2.731354467928456,-3.257094064704076,-5.124492619078235,14.681104514667728,-12.236719192867515,15.535703395166216,2.26245693102706,1.68667912169458,-7.769113750581289,12.706570444537531,5.421534100440668,15.456838102320486,12.960983521571631,24.425651721008652,-13.442456699742664
8,1.4291805177352503,-1.9873711033404835,-0.6190551234985443,-1.3058137995414203,-7.512862980014125,5.93238245610013,-1.0535695530851583,7.964572701639347,-6.365470202926527,5.3811704779347815,-0.5510063993947704,-7.532609868151768,4.202285456311747,19.544481226292554,-14.078680987888266,14.913327079314321,-0.3702583698315727,5.489705126073371,-8.100271252985355,16.541134455636016,1.5232345856857585,9.345727723592539,6.076163185885392,25.479681105499377,-20.197133659119228
9,-1.7120904798038148,-4.071108592305485,-3.8845704536688723,-2.84037104660417,0.7118579701567591,6.858582537387646,0.33212120924080457,8.03269967829284,-0.26693512764726046,2.507625396043795,1.8334443829466693,-6.222581991988004,-0.8168823515803598,16.7477364411296,-19.491806860862834,15.929755751320977,-4.972049171728967,-7.91938983486705,-9.642178394063347,22.63685150940966,8.739257068741555,6.49974125715757,7.248478195645882,19.126236291942508,-6.722417351981536
10,-3.367203036354952,-1.3014847802041292,-1.0677319259299338,1.0391811868900431,-2.2609141206174765,4.802028231339387,1.7114186349965603,5.253610545097497,-6.39507571684178,-4.430708367101605,-3.4965164122738543,-9.463527679332774,-3.5905105681277982,4.943814766101935,-30.545160446693025,12.411405659592296,-8.442732684731258,-5.359157813805529,-12.179147075630517,9.020625980957778,5.943510360663433,5.801424328966958,16.371817905902333,16.27670117734232,2.619631306098903
11,-0.6445443868368355,-7.9203334109071415,1.333310612412519,-1.9622782954581792,-6.191772404500957,8.354193586130597,1.4429053977783566,7.239050327624502,0.06323280083943228,2.9903320100846082,0.3044761966893178,-14.907070805553387,-8.745105208422231,11.980191926205585,-16.417075572419737,15.40127094785379,-15.569048656494447,-8.865986182833161,-11.454051208266725,21.38164722414416,-2.8745433516694705,11.192990023475376,7.8684859000662914,12.064100210239921,0.5140297180797475
12,-1.2402161060717516,-9.821744221441833,4.95012739102771,-1.3559656076607527,17.34031832849932,9.380361555731879,-4.138483196488595,1.62090834344774,-6.219918113747936,-5.047502257145519,-5.6997638562840045,-12.120036249871191,-8.454467330319803,0.4137871543329745,-31.135845256664126,8.639250311595225,-10.523063424996627,-0.7000344512905695,-12.083858545409024,13.499980553441691,-1.3467020830281955,9.711278660472862,3.6992988843171446,7.448209626180061,1.5139579831037695
13,-2.019993354389353,-7.906063257699485,5.701323699470153,4.942095965088054,0.8245149434674963,6.967653417275103,-0.715421082063574,3.7521221248145578,-10.840894313528805,-1.1993317199531024,-6.1538586169929195,-14.85792484938353,-12.767383123766308,5.757884221011515,-19.086733717376383,14.291249199379974,-12.113775083321936,5.336854264293427,-9.641581007795937,12.607443601198053,-6.41372864761674,8.58625960573438,-2.30613368833999,13.277964119645805,-4.082316550132921
14,-3.296253744324839,-3.1258098563850836,2.6909743993098174,-4.185343974959847,2.691790810467484,6.0631030070709055,-1.5467355136185401,6.7586163353954145,-2.009471590815348,1.1662224592063262,-1.9982270666437771,-16.687761753418073,-16.46006892006231,-2.2463461902485764,-25.459160996581463,8.040579017075304,-14.798093708314358,-0.8777161619742031,-7.872126626716317,12.143881780948185,-9.943461998478877,5.241758083872881,-4.191153273481518,8.229873120316848,13.114829327499184
15,-4.8358343026589115,-4.280015504212608,2.7561934258070786,2.202499988152943,-5.10137306479797,10.016368481383871,-0.5167190376116375,3.0493768574854156,-9.88235441891741,-5.991511452529515,1.9289166888611329,-20.542823093684756,0.5739630298028713,8.156007660758666,-20.003143489497727,4.075208820115707,-13.756307259727953,5.749903863742345,-8.04154635340006,5.124181421120174,-8.506900723163678,-9.827942576828995,-18.524324818307278,3.0055385438525497,9.084262164449985
16,-4.622069510453748,-2.5896741572043966,1.8959645773143727,7.457015287664261,1.696087155490603,11.32737529138757,2.6328963735864135,5.602486248782432,-8.622814096108588,-8.794449741202843,4.034999093312387,-31.407985514274674,-3.911839947464566,10.740394098990702,-18.602979425985236,2.2775453615073276,-8.107311925727027,4.16507480853131,-9.727916196372181,-1.074161714675654,-9.750116664021522,-12.330750261900649,-17.997061448513065,3.2944351999608563,-5.6317618966321294
17,-4.495267245010407,-2.8026327082212092,0.3043523991241637,4.505123585616038,11.208858351535902,15.081954293905184,-2.833433088107541,3.175244647980048,-10.671866752959946,2.1100136016734687,-1.8678503602865704,-30.7840694732033,-1.395109893934317,5.089848572232154,-29.219364330373317,1.599591165449905,-6.071610817929938,8.887376336801674,-13.606590535096597,8.860458957245541,-12.401229364473147,-25.758834178240928,-22.846127154899467,-1.9250796525189267,19.38856298307072
18,-4.4812042385209025,-7.679483152611703,1.2991032017054103,6.761504989549614,-3.533023224699715,11.956942266848841,-3.1817038301048437,9.127278279566815,-7.394627264839747,-4.251560658835434,-2.7169479910343677,-25.240542410316333,-1.9385130129655266,-2.7789941877871964,-27.396785505880537,5.287855836027281,-17.142436221864575,1.9787636117126257,-21.343199225444355,7.0211856490763935,-7.046437294396753,-29.141642853083216,-29.41902143246402,-11.018424987684048,15.630562761177057
19,-1.3571183179578545,-4.031838172223276,1.9935973045115718,7.36528521296383,8.37857231492049,13.20886614868117,0.5408188517751102,-0.6747152681230999,-7.165583485520324,-3.1567699433333827,-7.702498388332641,-30.15480769937199,7.322692865616871,4.3028600308839735,-21.869273013188195,-3.4010302169136244,-16.46373997049544,6.880974552472686,-19.926409347911964,13.822488653789563,-9.009870286714966,-33.84055910411993,-22.187701094514026,-8.579999853661436,9.163930824763007
20,-3.948835020836626,-8.058078412462368,3.228019282127693,7.299127593394489,9.66319066240788,16.685290148317527,-3.26027680443603,3.0751461723796734,-4.502302201544934,3.5853304249726,-4.871888621174599,-19.190944969857828,6.361529376076971,-1.5011624576272453,-29.773636434519453,0.15563862216751922,-14.085690885454524,8.95613473310633,-22.975593905509673,9.010666903695334,-4.719685948673727,-26.79374230057409,-27.999901145171926,2.8381295863492992,11.701534078254198
21,-3.05962555048898,-4.499842156066232,4.899864949329887,2.076467796342561,13.461015365026027,14.44874164313582,0.19100047253462682,-0.66099481158516,-7.896377613907054,2.67282998446049,-1.000687931215511,-15.070378922911082,-0.3476600817981219,7.142265296445572,-34.010655028922585,0.17028423077657762,-25.378738116949545,7.585330672009293,-24.645551885807144,7.226314227743613,-7.646694729139964,-23.197914703640528,-31.11820197230368,-1.8760473767861825,19.522195467675775
22,-6.1712902672488035,-5.7842555626726035,3.571821049462641,3.766813562818145,6.194544369161138,16.58331982869171,-4.399940144820526,2.8312719877702173,-12.46160438611043,-2.8666350390037136,7.144880868807614,-17.574939458665085,0.7637794227472092,0.15372412819824666,-25.81523631093992,-0.5635150584963386,-24.058313299884162,9.324199235550457,-27.56741332218686,13.142821579904002,-6.322041077392399,-21.774943214377128,-36.48231972164958,1.746477666213361,17.181787906500897
23,-6.154678493184222,-3.52494926347243,8.855041988650571,1.5290181221017878,-2.083933594970631,15.718101795373943,2.5048555679189777,-0.8339573493325394,-2.5183189908566534,5.596822892785196,3.895136517692167,-18.674882765483904,6.253794393982445,-7.987468572206261,-22.10547069764772,2.1396390878696474,-20.615159870206913,7.215669650305497,-30.46239371157488,5.016347737638069,-3.530693742421614,-24.19830984862216,-40.90763267846833,10.105138145281419,19.02956732471471
24,-4.6932069143140165,0.9750938379238783,5.3043458101814664,0.11959897214193149,6.761487377857115,16.386022314655662,0.25883498508910296,1.5699083269966168,-12.294058863379295,-0.08240063246548064,1.8246044913522808,-23.65823176480742,12.363910300090534,-3.9787497685423214,-32.021918435452264,8.129832290941403,-20.44662547488824,15.444161494275729,-31.482826950874685,20.922247201398005,-6.866262881348305,-26.686602387714153,-41.807736185632095,17.14034259885459,15.686876835156005
25,-4.3395067004460035,-2.001895597463346,5.281311533881817,-3.672733707405459,11.588571357851693,18.39838173447363,0.341794424768183,1.8751875511569605,-11.932291543043974,-1.7372594030274566,2.952591799600535,-18.008770340588093,-1.4891264703651927,-2.0227818531158577,-17.50711756266405,11.477875667367975,-20.322439967879767,23.138101869382375,-33.6054604526845,8.295873466568452,-2.2237527281107994,-24.160470096667503,-37.940648858685535,9.61917525277263,2.2151179042905578
26,-3.117976723352977,-0.4904030381747774,6.558541820346277,3.178797032987922,10.553630885908817,20.0128427934998,-0.9250676392254789,5.952469901585508,-5.396549060668109,1.292235216033331,7.363262956655213,-20.416939624247973,5.923538725187791,4.900457177418427,-26.895752646182533,11.867720226664172,-25.3262714385496,6.7219215867480635,-19.35631218919934,21.631508539522034,9.908255115693,-12.522463732276085,-27.877125514732473,9.812067500084925,8.139280498616882
27,-2.8089753352625237,2.281588052873348,11.81570480653259,-9.078014006024171,0.048113462614670865,21.65581081377171,2.451188396766004,4.742651694304284,-15.041268917399861,-2.5183885692282875,8.252996450455793,-19.94725323959086,10.209955936685061,2.0862499935105023,-27.70575088937173,5.870503199992938,-25.97979295008644,20.520474017617033,-23.36221086582559,18.594767771016798,12.16557349769055,-15.446068495977308,-27.454115838517907,19.52353380843841,3.4288892253098364
28,-5.778656623678168,-0.30815316532318116,1.4218321298901806,-4.159193898623612,6.564072481743247,15.779830095440698,-1.5906604801321187,4.527767388706986,-8.24960265356664,0.6414222702364238,5.667101357053579,-23.209273181179377,10.708269666880778,2.592069782113061,-22.349023135278202,10.826119750998682,-16.855258550169985,26.12687567303557,-25.315831997869854,15.174008940343768,8.751575159315804,-8.80360693802263,-23.532627822455424,14.594716415241692,9.625052109842219
29,-3.9633377808713606,-0.2770103587056558,7.717998495673389,-7.80442005273238,-1.3205908266665203,16.824420746323728,3.917335062162857,6.258310631744089,-7.149010136356031,8.038181592230687,0.3772897122767138,-15.715287321307779,21.43432724260786,8.484639150360783,-19.377630360023566,13.904536206735193,-16.48702198091037,26.52781312335097,-27.81117521052674,23.645239879037796,10.69421415704335,-7.827378631722931,-29.62161913674577,21.687338199585458,8.61146117238483
30,-3.609487016687552,-4.402518475727734,8.096550512467044,-0.6594815481462573,8.805153454264572,14.466322795034909,-2.146586771518864,11.974626043840713,-8.97850389618695,0.29651209687401414,4.99035094336608,-10.258389714500685,14.6280613642179,12.61037403614203,-31.00017262251391,14.365542959169336,-19.129205988100175,22.515169793794236,-31.34719306003275,16.02542293253152,6.074922342572767,-5.159425048062006,-31.974556063068174,26.392548080189442,12.174686028982112
31,-4.140444001280986,-4.819715182356651,2.6193927513813198,-7.18387290517292,11.2743819889211,17.98546934443312,-1.4685476542584157,12.128900674573856,4.204580938662699,11.974132985897322,5.085584513319035,-17.954995797951593,26.458214065803382,12.718521365174617,-31.141746973883137,20.96804588753735,-10.208470558142668,27.15626091078299,-23.553942311240334,17.3423164066257,12.416509632241068,-1.9003106684672222,-36.42175505179435,15.402461657742066,12.514818138612103
32,-4.441571163820239,-3.9218721850467997,7.707944543421038,-1.9748120380044332,4.482850310003625,14.57094319138439,-7.746922428269817,7.132767492048897,-3.7225119773996362,3.149622141817993,7.839197288676681,-14.940473187433291,21.000508293622726,11.878318749792173,-25.813348423848186,26.68139527961455,-13.5571051142352,29.622902005895323,-24.24354883235059,10.582466821008094,6.43298482433702,-5.273829591022061,-21.82262531109524,7.889846216222851,14.385017326715683
33,-6.3953195546529535,-6.324124499312541,3.8148424913957304,-3.579610097499055,-3.2475030265050044,17.67274762391383,-2.5173073376347954,-3.0263324104040086,-7.828355902331467,14.022852516570286,5.654213803211322,-19.006512809908976,24.230552421872613,10.286886459781428,-21.37032654474391,24.83541636894873,-5.406813755543178,27.60673144960638,-26.48168679180431,11.055548266510073,7.065177904667323,-6.613679212790135,-25.648209552251025,4.808889492639141,0.5936428167825447
34,-6.115566695916237,1.041059847521791,5.259036281028066,0.44849887101205776,-1.59093864613655,17.18547671195152,0.03314969389,4.002227416219655,-17.109121838571724,13.57008134362317,5.447889529498699,-16.793944320476573,17.2068131482378,13.83544833520864,-16.869755838690725,21.516290517250123,-11.91997965460842,28.763122445934528,-22.39857811629103,14.767281913115255,11.417273082478113,-5.315109504041405,-31.51850815487799,11.259513339937829,-2.0221041068332735
35,-7.161076617520543,-5.150633791571991,2.0152656495035943,6.137437453695341,1.0686446041673001,15.13778019515709,1.506108867452939,-2.875040249490667,-11.642503506003536,15.016627455668806,11.45900735276408,-17.29974761227517,16.94659898649359,17.097581852396296,-24.165006674062838,22.01213904263195,-16.32034300964238,31.435021867780442,-25.060638058513614,4.034482473696808,14.571453757417117,-5.7812475217283374,-28.626232737278876,-0.7089002106550728,-7.906059427211351
36,-7.851403739541003,-1.9655728381007878,5.5876804208427515,4.071667267633646,5.821825579991871,18.208495313601375,6.793838247119636,-0.19851936720974417,-9.511588188747973,9.968880050447028,12.168475745136199,-14.909646770932182,25.112929055778974,12.67085462021384,-9.836490559385169,12.945251231083873,-24.240434423822993,35.65787131878405,-30.81572082340537,-1.6574738285360486,6.028936166836162,-0.13426771029767992,-25.231530894998865,-2.9115042938190703,-4.871467575830328
37,-7.599547720575597,-1.6067533841191803,5.457914170341007,8.230768103396871,12.834257603971961,12.039641045941034,8.459318306754222,-1.2055303505104087,-9.1279314883119,12.106865103422694,13.888417092333343,-13.091177768710091,16.32160008464402,5.102680070232448,-11.70571588134079,12.72273740701664,-19.537955113095546,20.918222807441136,-32.25350769035618,6.306924217349254,4.553140423904521,2.2986378568330457,-35.3372065951225,-0.2990759472174489,-18.38925047543852
38,-9.304325362300643,3.591876715035392,5.490040452773392,0.8203036535215396,12.128753732667196,13.960876252892046,7.175116158454274,2.142270357898787,-18.690676564447983,17.164607284327523,16.797895771348507,-15.157578205972335,15.508963548215336,12.04993493824555,-24.804830603718038,13.02293169789077,-20.94931754207279,22.98488654240418,-32.06740564094327,7.990264821152573,5.6743112429565805,2.42574883472828,-24.652369568192338,-7.769251708440628,6.527824480214069
39,-8.162641748198434,5.748378992471341,3.332954864817102,-0.33085580132679215,4.406335271865399,13.756384182831217,11.366805029393442,4.550422933099138,-23.01131503984429,3.8840110807963555,21.409959530117963,-19.071231735333164,16.158323984567517,9.410726104039057,-15.028180081709806,4.092955979048317,-24.086984624792997,14.787293768780422,-26.8767182872258,6.8681389506039565,9.974921091841725,-3.871949196946974,-30.380895467885914,-22.27041583818687,3.381772491698486
40,-11.309438104107578,1.819897727249286,5.23225322630616,-6.914809883027452,3.6856209247144944,17.84749842973427,8.66853405230408,2.7715266726146868,-24.087236012217225,-0.6750195378094226,23.652556944374986,-18.374893853565467,3.7715278703313095,13.867510448547453,-17.932438713675598,-3.0497871999089097,-18.031282952618767,11.377253999408524,-34.67224382033172,-7.794154593471012,18.72067029400239,-0.43091537964123594,-39.61485411050962,-5.353887793564621,-8.67527489856429
41,-10.197362495456106,3.894616854335945,-0.8471234493064648,0.5107915487298442,3.557368045115031,19.25569298954788,5.6467824573391825,6.663167508820958,-23.493980451381315,10.924670485490282,23.74279172423723,-26.79772589927542,4.0079321648441875,10.003018082546859,-14.336420082416536,-1.8521621807748683,-22.010480078991073,6.5773681117885685,-26.3658753693487,-1.9054641643638766,19.263019847131215,-2.224076796600654,-37.88275609101475,-5.608621986188634,7.157878868757716
42,-9.383460353908491,0.8069493993636508,2.4777336370007528,-0.9569000943258967,11.454560970528503,23.105010040097444,9.170664430477508,5.442486492548904,-21.18779642121757,15.544525237447491,21.39302329881803,-28.26798744334238,1.0649036909745746,18.3639563834948,-13.500880409551446,0.2801228826319293,-16.87532649955286,15.010728525501026,-23.511201232599884,-1.961388733373787,9.228973133313827,3.9453074592502717,-38.154828225726995,-8.12406379637189,1.8202946536126925
43,-8.485181309910388,0.5062092616335796,8.471920201307112,-12.008017554988687,8.261290263238815,25.858224080453986,10.23121209025499,5.424576521296325,-19.721926272539314,-0.07518412994718915,21.257672619517646,-32.51884414567575,2.104076383919426,9.089272469813828,-14.626751918427248,-4.5287613395768584,-15.957348637008465,7.152171815175526,-31.85776290214138,-13.252152848355069,14.570733482933734,-2.2531987269348233,-22.595734266729846,-8.876443698573867,3.522173662918282
44,-11.70287265922003,1.849530612836166,6.9762828960563725,2.773068690725588,7.447459071755388,21.556251330283366,10.452081795290475,-0.8843188739773131,-14.420081951889355,3.5432153033958462,23.83015463819822,-32.39955062273141,3.964746161074471,12.235410232524792,-21.427696483230026,-5.209217042933648,-17.15663245027361,6.987545148815924,-23.18940388109966,-14.647812225096848,16.314684931163384,2.746330177553376,-26.790361341931682,-16.19054210191829,-7.855439016037619
45,-11.452792346724557,-2.8979259677647775,9.521366510620528,0.48382177784728775,-3.7330759769048933,19.069458798511906,12.166854649497573,5.82298213622757,-24.636697460326026,16.75675631863034,29.91546766900657,-26.401184165273733,12.562617154848525,16.174568649614255,-17.430131174947306,-2.257775913280859,-16.24600358975708,13.369504315953042,-22.824432595770837,-26.24860107689865,17.372517509904878,4.7387450386957,-26.818592551413364,-19.840376707880118,-12.144608295926194
46,-13.01054115828677,1.6018105943735614,7.084212287134244,0.9828663878849362,-4.501906822931658,17.841024084906078,7.144624693535786,7.505870514098815,-26.354971345969105,10.13064339337907,30.262088272184553,-27.121024823971275,12.931260561472218,13.04600920043552,-11.801187746918403,0.05323093569683324,-9.935611285915979,13.907690462390391,-27.83886434283409,-9.438490497458943,26.45536782533291,4.135448059799932,-34.79579018239345,-22.874384315313357,-21.758337311725015
47,-12.925903135877423,0.9124095335451128,6.017823837849376,2.229545748330598,13.413341716485505,19.852630914056807,2.9568598120759786,10.064088414860318,-16.683103758212553,6.399582476394061,23.64854202058443,-30.90001615352044,6.847706085362308,21.9103889743993,-19.33573628671475,0.8306860487280704,-11.310445103797091,17.873373607002424,-22.426050264451888,-15.992426715318427,33.79337358822566,9.812688716048665,-35.73078247644,-7.410398591916038,-16.105092856133005
48,-13.597610298052127,2.193967022225135,7.523204302674746,0.20169716610222826,-1.3677111853289476,17.601190897419546,8.112966385006523,8.675112819297356,-24.809591495368466,10.087021440315588,24.31968230519641,-30.074515685438048,5.295464956596669,14.26307240944604,-20.456078188826407,-3.3172795918214018,-7.729616407236552,9.873714812017665,-17.628784260639552,-16.57379742453629,32.547165656128485,9.202085850573269,-37.67855068934626,-0.0723432255407237,-36.36347420580945
49,-11.96695353701505,4.294359051614497,8.688197279596347,-0.9067703238107749,-3.6152489591208283,20.719181357891625,8.963729279641292,11.015041507318415,-8.497471281218086,0.303838109483598,24.081299051634073,-33.27839740290676,5.137712289618241,15.121949163527088,-3.1278287774588645,3.2932675668834546,-3.6403066156588375,-1.4843112810763266,-8.488505170404784,-23.61919441881088,33.51203669436155,1.751233745833129,-36.411418900235645,6.451214358275477,-32.011236207459596
50,-11.650652933821346,0.8388744996765662,8.530682114513091,-0.7307163597808265,3.978888013787598,23.51281688327736,1.4704078838261045,11.660224524237234,-22.768237923208662,18.190844579502638,26.52691085441418,-33.21929873028715,-4.527987048968383,16.196189865532407,-13.125266933791298,-5.609209225114601,-2.4411165750012733,0.16751420997062905,-9.996929617961744,-21.20392947064136,38.51674170876602,1.5890481406241417,-31.70927296719329,13.16883700252486,-35.11953756849782
51,-12.938110203325381,1.0869101533147734,6.2074037726569475,3.911134611726964,20.468501827542283,24.917839028546755,2.470893909947332,9.106703388864322,-19.379552906125085,6.0987801351593225,28.713148451216387,-33.55729576210003,1.3559119937400883,21.894833323467306,-17.33167430885864,-1.7085414127117877,-5.054417239693476,-3.8459982070176295,-18.211718727619044,-20.285956683914016,31.749436265576975,-2.1351948407508416,-39.54205187895915,24.79648695075352,-37.10450796796567
52,-12.873615895120324,7.2354270341264995,4.589372132367886,-4.011367795360538,6.05988868391902,24.54450394301339,5.628012209188265,10.098295896992363,-17.911175033408067,12.079817112786348,28.532010567060937,-35.215920511827576,4.385461080435641,21.734206960176508,-10.540128990849054,-0.4830612076795273,-1.339989860665972,-6.870215948898895,-12.828086433374699,-31.488006675369554,25.466600807983514,-5.741188579145216,-38.50738832742078,10.766327436300974,-24.2925190308719
53,-14.76601189553914,3.509706090598109,3.9001144346172856,-0.26325330490148646,-8.2021623118697,24.143226838016112,-1.8718866458619985,9.412148888181763,-15.532347440006356,10.86221240434094,24.746164243536334,-34.97069758646713,-1.6212920937588913,21.83414369391933,-11.447384340159713,0.29749283882070227,1.0420825615127625,7.642882041133864,-14.295319879652713,-16.31971090833874,30.464255885358693,0.8440615099292552,-37.476917822074455,10.709558844463768,-42.26735329779445
54,-16.344676409771527,3.6890721068757832,7.386669798776922,-2.301624866759674,-7.728412939605493,21.58242802534909,-1.4693105720103548,9.290939772865432,-15.20194270046677,19.292368354700294,22.591927152159386,-34.20968609916406,-2.4185534294880147,28.343080152501976,-16.484043591094512,5.314725955841575,-5.297415364413935,10.026031659082255,-27.051574929868703,-29.368101841513663,33.03448061985304,-4.055308639671967,-35.263261013974365,9.312592546803964,-40.380165914649
55,-15.407135739627662,0.47503293945055347,5.539351061987564,-4.861988216709969,-1.0971972793945957,23.226622035988456,0.9672076343770328,5.398702502465549,-14.271368143844564,7.945449737234316,20.711035643391916,-30.93520174651609,0.39702876164583945,19.758527507288907,-7.811531679154548,6.300973172815867,-6.013807207430763,9.116093803035564,-20.769026697571356,-21.614415608698657,42.03640104081904,-6.338138006634363,-44.93470881116823,10.641902736724578,-31.725530876793254
56,-13.100272346189618,1.903119269835272,3.995547308863844,4.6506516493499035,-1.9766152692869197,20.365955317720392,2.095655442166266,5.610858054687214,-20.180510531426016,9.201176239060612,19.185229134738794,-30.61196873389011,-0.9586362108183212,33.915044213988,-12.305106103439508,5.458323314440324,-14.053589694863636,9.515935633908258,-24.822527755450675,-25.248898810659963,41.06767978144366,-1.5819420673278293,-29.972505744227686,12.120811793564396,-45.138099285087506
57,-11.879991896007198,2.472364746633373,9.313784963354758,-7.075896869472382,13.33670832059305,22.269401479290465,0.9775580424680126,0.32084203769277986,-22.070089808975247,1.7790449867407276,26.11153267899549,-31.931205814311,5.07860716984233,32.921217943576195,-9.674082918830255,0.4749353982635033,-15.32436435318764,12.33154407748492,-24.444409062490212,-24.396969063286527,38.1152135097343,16.412435342314534,-18.470024119430988,6.702603388072257,-57.90398384665156
58,-12.401783761420303,0.48521208786706455,-2.3137731127279277,-6.350645447256634,-1.7613828566368617,21.48675228401064,-1.5080024978167483,2.7969290032579766,-23.182494747834454,-2.6955479449748934,23.647138665505704,-37.27517126397849,-1.6052208750482033,39.77498368160584,-12.90863112693178,5.414592326337815,-4.80146169395958,11.94995336280558,-12.001615772979614,-23.813320278979592,48.70115761133491,20.67552999805575,-18.557626431494217,9.950759029005816,-39.14089309808996
59,-12.165309033718627,0.3258752065311631,1.5149755468871353,-3.2561699555081938,-0.6241523216876229,19.913197726300826,2.645399970484192,2.073263239381946,-17.121637786982532,-7.407264559659126,22.88791330090737,-35.52349426965601,-3.20749501339305,34.688130161648566,-0.10111223197203678,-0.48732743197728867,-5.505769805864452,5.997139834336487,-19.466730305661862,-32.001225480326404,47.70779828561098,6.97001970943572,-16.737621357883768,10.046345383311053,-40.04448951339628
60,-11.701577041088576,0.36753538995993074,8.373341570562868,-1.304602285736113,-3.106183597465879,20.886452485344545,2.357276972390146,10.923326829234918,-17.079930903897257,-6.001361525149581,19.30552362947168,-35.9250981848021,4.496927749050263,37.35078578356633,-17.849172763317917,10.708617225206444,-2.618711687300667,14.341653709273102,-19.90504448661065,-40.36331356260012,48.74679562764605,13.559875426395267,-13.149487914298987,9.706193841952896,-45.47179380701592
61,-13.38050096396554,-3.080540356836835,2.174175579411365,-2.5046858926897184,-0.1669931390773729,21.07691721649265,-6.14116958655182,3.9205872311251184,-14.461032642516056,3.1606040370076456,25.515028715918895,-35.105455498438765,5.007422002738732,33.26184471619561,-6.818132195260958,7.404831528378036,-5.813565376922286,14.40985406042696,-31.3834343307826,-29.442118631617657,52.30974413255496,18.978226687122724,-17.886758249449024,14.988357196195203,-44.56158385800876
62,-15.465407919624862,-2.847320346856452,6.795477542358274,4.0025364315456855,-2.4728734392989233,18.458614695578948,-2.946192542037602,5.54302454865636,-13.372658686615289,1.4744061630384906,26.434539233317942,-34.45274525377904,6.896782241944792,27.87719070590473,-22.157408659098696,15.23202441513283,-1.5976449879257473,10.532648045445296,-23.277274553010827,-27.651353948634036,55.479458363118304,19.83127058419415,-23.18993412160078,16.29074642092077,-34.10493238750402
63,-15.253704514909156,-0.8653435313401954,-2.7550327588161565,-3.7278117289574055,-12.298002071199853,19.389134375703165,-6.165214566932288,4.909796893207782,-17.57744158777792,0.09197167466068823,26.62329881242713,-42.980497082389654,0.5594697388560972,22.459845332987268,-21.317506980807476,13.773732210674808,0.874522773947012,20.087774432288768,-36.97477798018974,-27.54023593177424,46.062369332827316,31.252491189401788,-20.89011075938598,16.85568284105144,-36.201824698598664
64,-15.49785906786296,1.5029236950958487,3.9362029148150715,2.2144301724719773,-8.496471461552886,21.27246733681651,-2.7107618506154045,6.563995065386515,-29.500034115902118,0.735722463111784,24.805711028858465,-40.17279213353581,5.245908264321164,14.747309375060755,-11.66112412973145,13.948692803662977,-0.146040095304937,16.821527340772363,-33.49974595400306,-45.279565232996966,40.841042650382455,15.358883128383109,-28.60186844883857,15.14292187940245,-37.382351637189075
65,-15.622687556454133,-2.4496464967036387,10.007088270773156,3.979240031759168,-1.715809931779078,18.105639480366538,-2.573049613883027,5.874745117932501,-25.180922529779004,-4.659607205880563,21.325459581212076,-36.73977665295621,4.911593267718731,9.46381020239791,-21.130447824468348,8.788201199450262,-4.559104743669914,16.958942057646002,-33.21653954699657,-51.18196786820618,38.123631419531726,19.998552347526996,-34.44740456708723,22.36811560037119,-34.90449829889418
66,-15.375237993984019,-2.765199800275406,-2.995183252189489,-1.7902925049977851,-4.781310239006122,16.218795568555144,-6.6322310881831825,5.427364705818739,-23.77377112541648,-4.503239682762958,23.25468883501744,-36.291790050649325,1.2750912006178385,15.073119354477114,-15.911374508566357,15.624951948391637,-7.39565675161116,7.600639675014935,-39.920000744601396,-47.24582012188601,37.87409225938331,11.832503961054957,-23.051842900763354,21.841404197296292,-20.29802920956378
67,-17.19892318290121,-2.9078877352072716,11.355709456910692,2.868044013678294,-7.709591346219368,12.014268759059764,-12.777487761471662,8.097515051244187,-27.08275011773235,-7.293163585435105,26.27898030021955,-34.15908571387336,8.625127452935118,10.066410821691571,-29.492439524062526,19.442037855447566,-7.418472540800787,15.589932034874586,-35.72984400429188,-44.318453968012136,42.73052708497577,7.543912515672426,-40.04227039959905,24.46421074576815,-23.056782913705874
68,-15.436828580100807,-0.8457957869057844,3.7883409944985136,5.091813871976511,-7.449130276468513,14.72365366945779,-10.663082066376438,3.1872821732893994,-22.53019505353651,-9.5982224784571,26.745637453274114,-28.51286341604653,7.411437415541434,14.277345679378277,-26.17807748338527,19.163347404224993,-10.596637259478996,20.988711618737142,-44.63305207164284,-44.00958900509305,52.16746149861217,16.051820937639057,-39.57302994012778,18.486992750235476,-15.510045208683499
69,-15.627296916070613,0.34922528372099204,5.261343592967762,-3.5075504757857576,-7.528658907683292,8.15110948114228,-4.351979375479125,4.255732467023888,-34.104165374211256,-8.807363954854033,29.746481382865834,-24.650782464621123,6.107131845418531,14.289143000764016,-14.227502732473326,19.923449839774857,-9.193877794403214,22.64381487899465,-40.351187753613196,-28.69979529429331,55.004532732166936,4.362213114285572,-28.50430281476203,23.94072978474835,-24.859942268881568
70,-17.006276392673154,0.05193906966819861,1.5826369878575397,-8.572915738767508,2.983792752493487,10.814411280129132,-4.414864336906998,7.511469412399665,-30.43376108066203,6.218991256949187,27.803539260504547,-36.805747956404254,15.648723614563917,7.8289495573959496,-21.0498422489961,26.71636913438281,-1.1151838468902504,15.741424170476773,-52.12166859347692,-31.69105998035731,53.630870971498965,11.600548410202295,-35.05840864396593,20.93673489765756,-30.69216446742751
71,-14.484329301921465,-0.28076001926728267,-2.971349554173952,2.387160603409881,4.920873056222991,14.20688135993711,-2.5032854528055086,10.95360503183008,-29.66282876278753,2.449438791589894,32.61467388302743,-33.00301561717268,4.9809016810208595,15.030941993211234,-12.16898417047216,32.06063166033356,2.689962440926153,15.796414673211693,-63.3442221578097,-41.82026306273735,50.943642198918056,8.501799989103159,-48.297584121237975,25.628097602376123,-22.813094609910422
72,-16.76670983942217,1.5960773002877218,-2.7354206503068177,0.14755524852747914,-4.128291083038106,12.30401528147919,-0.25705143977231515,6.3723753094037185,-31.88153354422805,1.4789713585197592,35.59489907923784,-36.15540287732212,10.35367879731921,19.327485950462428,-14.8887213274697,34.728665065243256,9.69991312161448,10.709178892961766,-46.85417588252734,-48.838617166376736,56.484710096425275,15.719369813119348,-31.436110184348138,16.871843188175397,-23.019300589331053
73,-16.55541455368958,-0.5097082026935824,0.41869361405746686,0.070326710553958,8.35792801002576,11.395793109985663,4.563651365751818,0.6846930062014991,-29.408103980868646,0.3283297760019308,33.87043259060238,-36.74611712549951,14.150349203699232,12.840544037647298,-16.525921245512038,35.810819817368646,2.894739301023546,11.964850820885465,-57.19699787460181,-39.48455665062097,48.10447488875162,3.6137232905675036,-23.18307066894703,15.890131700309187,-22.273238781570452
74,-17.035478204608225,0.7053440308468906,5.036958984393041,-0.6338724159847036,0.14824809944120898,15.589013938018272,-1.9326184454568438,11.151309631304786,-33.01488917705895,0.6958756644243058,34.52270191631505,-27.196358944271232,1.561982461450346,18.66877030489109,-27.91530665504031,40.09710704018714,0.7365945241000631,11.210638941517953,-58.08509567986102,-40.296718275861686,53.22635253569681,6.801924304412293,-20.3885586785374,17.04996791229335,-28.043093603040134
75,-15.809059319341856,1.3244388321062244,0.055921436503208355,-4.98456983582826,0.09618038405339169,18.394183766613157,0.21053317852487835,8.167016181548012,-35.61784920187035,10.84638515655282,36.37848525201924,-35.52610249364891,5.484739048773983,16.464113852181846,-20.92293777743761,46.16996908775735,-1.2797319342733517,10.70961675922079,-59.783335767571415,-44.825684579802086,48.624506714236425,11.77214596180563,-21.424275508405568,17.966506392951008,-30.95977123946126
76,-19.06481484010632,-1.6879345644405621,-1.1181861474889372,-6.12332392333379,-4.8081583988223775,18.14341974783077,9.099446145231065,12.952143838469157,-34.59970099718316,3.8042674067566216,35.12697617242659,-27.93344569999627,6.054578970262302,26.500535966201486,-37.33175803625725,43.0415034722775,2.4893055650802247,16.100291098496545,-60.55767978635861,-37.55590514111101,40.340703643896234,13.153350386547277,-21.258672582608597,19.400606449044563,-30.269604711273516
77,-19.61740321779365,-2.158600951283632,-3.8098830323442616,-0.5628414896814329,-4.695345515438499,16.024114844505316,12.608157697926718,8.74550345655161,-36.028997606954434,12.535809900380926,38.975074138396856,-31.46119527566566,0.5044454658842401,18.113428861250622,-27.308423826045736,43.51969667380194,6.615043136877572,11.344686466172597,-50.52118663654317,-40.11215817997103,45.6791358446551,13.496178841228613,-26.636177146956967,16.265853059379676,-36.26330700757049
78,-17.030277525063607,-2.6933454814147106,-3.7350114007180486,2.060900172353387,-6.015257599493001,17.173960982030263,5.703938088515192,13.814048796384892,-34.74610078086629,9.784741974602797,47.00274805463786,-26.994774668180618,10.087244578437804,17.120520832603287,-31.229600170378696,50.82277764398666,1.7061084304685115,23.84426240984233,-64.24267962940819,-45.11551914921057,38.23676633645535,14.437116213543359,-19.110506577747273,14.702713939050604,-27.638703820074976
79,-17.422816794764685,1.0792043449845945,2.006428127563632,-0.8769105929195735,-4.355248138023789,15.308497511233016,6.4296402337651255,11.206890200274458,-46.98708053909354,21.686960006376353,44.112702198471176,-25.075714981874643,13.18264143291328,17.335217333276884,-27.636226857706127,52.38319490075807,-3.2151498443839563,25.786272322374465,-65.00754496182925,-37.88436939351777,42.1264817896267,5.503803541943029,-15.303530169665914,12.004988136790793,-21.494372414701058
80,-19.768601359561984,-2.470183161627211,-1.450907401370983,-4.229919633378135,-1.6855838935619802,11.599321239223434,7.55217005872762,10.104980685948293,-46.770530318968525,17.623394240917786,40.857056533565185,-17.973333006481262,8.335318627165629,9.885771802312657,-33.64854087389049,48.53367226500339,-4.34267808768287,24.037979318982202,-58.92695279626737,-33.92536865082424,48.25398696265853,12.856539147499422,-14.448582822708751,11.767867166794115,-20.95232875868171
81,-18.152759577532784,-2.845314676951661,0.2591989846407552,0.07547311943698443,-5.7842859005061875,15.62300086915188,4.795276205171438,13.344492519555073,-40.83109334009911,17.120885850235858,32.22023606081357,-25.503872055975208,14.27853997056572,21.554875323440196,-34.17520702430969,52.822068659109114,-7.380445302261482,31.104262800001838,-61.172647540570836,-43.93233183754046,44.550686216887776,9.340149977451034,-25.605990678226846,12.56480384805846,-22.44272552144058
82,-20.68572731128721,-4.0388072193263005,2.770133226786005,-10.297669476924101,5.7135440084518265,14.868419726507534,6.945903767485543,8.53445730319704,-44.22519765450927,20.857061391876446,33.703130348092,-32.93162758737648,2.7220674433662744,23.332019944834645,-24.453150873525672,50.38125889913525,2.6186219484370428,24.816333235793973,-64.17235889365459,-42.64730761196996,42.36136017159994,11.249407068056527,-30.762807121578927,5.927038946109868,-16.44752453991165
83,-20.770602341393936,-2.52698335893587,1.3313243067546985,-4.91814252668364,6.430718885325454,13.969589612891381,9.857887981470096,11.060724939500064,-32.19572723721645,17.607883999029166,35.67597352560038,-33.94356211909141,6.855202450920682,17.67848895513053,-27.74833758848323,49.35484381452381,4.321971241815665,30.882008820106712,-58.02171586467705,-48.311137771330955,45.30523027056247,7.381927763672007,-30.936915830504024,13.548868442161401,-4.4790880558206165
84,-19.62649297986212,-2.3050144217183757,1.7500588291006982,-10.566572335267713,0.3879744260412896,12.30455453277166,11.786659112987262,16.13197137291053,-38.883964896589056,12.707924795682612,30.362365656663172,-35.46384399262054,8.442367088082545,9.872952123217026,-31.7572662485458,54.419496904164696,2.503668396042986,25.83480608287918,-56.551769099416234,-41.950338449409735,42.49673575093017,0.08781694766075665,-33.296948764183796,8.73699472272864,-3.664907902072213
85,-22.32945860638488,-4.6547280837762814,-1.2895521748539256,-0.3773722589457478,-2.3122463147256074,12.478214853438061,5.81114537932091,16.533143188201553,-34.49038580168685,14.964110843110413,30.80900264320313,-28.74471441693828,4.0640411916229855,19.866766409612357,-28.98739167134569,47.372828529044064,4.730247655187422,20.298333346514433,-60.40964400794117,-65.15220411601054,51.916677545376196,-8.005169746679334,-45.54758283237845,13.794044997468838,4.774668132627097
86,-22.5850927011623,-2.7583149825023567,2.681690865422303,1.0321800655285447,0.8283422935551106,14.057759473640779,3.9588918895881453,8.864525261182173,-33.364562928051264,9.300590284786072,27.065548651075087,-29.38066161521133,3.912107852058549,12.53523983345908,-24.950464386541515,50.06027949033809,9.632682262565071,29.72303824152093,-63.65295245472535,-57.597188664591194,48.29799873964751,-11.58149103300364,-51.33214495927122,13.301335984699849,-14.56594825340886
87,-24.154734608057968,-3.012457543427259,3.9133059036936224,-2.8710768649868763,1.1636872725476048,10.302105152439227,10.13815723726205,17.439534887445316,-35.918301284253694,14.667851874996302,24.19013833843698,-27.077723615594937,4.752821078937004,-8.57747615675873,-26.967628104444938,48.644404606717906,6.496520662225708,28.270040557800765,-64.37587169068662,-68.08806028240977,48.16232863359445,-12.116294763349352,-46.33420727395882,7.451784971179275,-15.611841907075245
88,-21.972154660087178,-7.0864646491030365,3.6024629625518365,-3.7161101161424863,6.063069428300063,13.907108116362167,10.585369244886394,11.473216124537707,-34.62212432394278,6.606379387545495,27.721928944028647,-26.32215717690844,4.698881825149699,2.54910149140374,-24.523541863337144,51.03268845492285,1.0507431294855585,31.56490530765921,-50.538794012075066,-61.59356529034191,47.06414108884825,-13.494469040831444,-55.75007035039595,22.81349748132515,-6.896360977021689
89,-22.557411093056537,-6.003544787313198,1.1975432852934258,-11.499573743739216,2.7588760755412043,10.26936890925516,5.022565042773627,13.864102428753936,-22.301333233562403,11.610424350978606,32.90806017549618,-32.146249870478535,9.394313004490883,10.338026305198142,-23.423935424862794,57.14733951937819,0.21140639243325943,20.745400274733676,-61.984271085203225,-62.73231761622387,35.85615450110023,-12.00964273747395,-60.233917871907416,21.560988874931304,-0.9236558572171703
90,-22.681757382353748,-6.852656136374877,0.18550237242535816,-10.546137680937328,2.9524806418707774,9.568236774403427,7.125824426730681,16.41905405576885,-37.143327868511996,5.7377634887076585,32.289739198396994,-34.06476791975849,9.994669367778778,1.581274932726781,-21.821671425620508,53.89073086990158,5.5255268304239635,25.642694423662174,-57.1447592539044,-62.319186423214624,32.32631339688888,-12.512468625510063,-70.1315227505536,7.097791829438701,-5.69774634671349
91,-21.92620057682971,-5.232515391145379,-1.008403663010105,-10.266617356834752,4.626022171843306,12.233593226133836,10.211657815454851,9.994357900872426,-33.51344057378383,14.560300578498204,34.71976333048912,-34.21109583446254,9.914475212904348,10.803622472554377,-24.748288590089327,51.55781308289924,3.1032949850332,26.938705970513684,-50.39919710232844,-59.2344752271382,28.920167794064124,-7.631911165996288,-64.56919190946225,11.230119634239959,1.8214159900287035
92,-20.552073978482394,-7.84855412517482,3.237129764311507,-6.400644381878055,5.725486300488953,12.236246399792575,13.335926898935618,16.015520805710494,-43.30536411495998,19.95655088645897,32.0827542976596,-35.995691259495764,0.5900748354805323,3.1846774479677693,-31.932782379917683,46.80594307845826,5.429304165669684,25.357083491534834,-50.34683572059451,-50.673432526052196,27.223664851922212,-14.362015483995087,-64.95993038511388,7.9790593775738365,-9.543322187948158
93,-19.14954857753169,-2.3641079997623837,0.040785317099874874,-4.234147670961282,2.468017839837527,12.592630737001402,14.391647166220288,10.638236291658787,-30.06515244199066,14.520428007062467,30.13478326162457,-31.31776550780627,9.556313359968676,-2.4437802776436692,-19.96026778435507,41.123634557879896,7.704304513566436,16.488898925529334,-62.001548500796865,-51.98135814347873,26.328688535677855,-14.426671942322116,-58.792499873766836,15.253693257658552,-10.153512448281612
94,-18.589320221008578,-0.8865864015990921,9.569659215586324,-11.752655070177799,4.396968802431228,11.06509860438,11.715543245843728,23.45747615851923,-42.22077322457251,15.14848643588386,30.441191296994873,-34.336696769993395,-2.0719218637286305,-2.7525021825009706,-19.258082559002965,39.718374343236206,4.785584562239025,18.2423306398961,-67.23869588740841,-40.595000184438284,29.837902318789585,-16.45760373977398,-54.03821001664573,8.660475307295743,-8.852377087728602
95,-21.10603523243532,-2.917747615974856,6.777904793003863,-10.118062949336702,-3.469984533499411,16.94006777925371,12.502398949909317,16.97155623878833,-33.836371021948985,17.198439794492636,32.88192199618598,-31.454641382263542,4.1253908916250435,-9.08185415972411,-30.330741658811817,46.943141981172744,2.1522587598222582,22.74115631348516,-70.43366442480685,-45.00073902371822,23.96804274150366,-19.785539705152832,-65.95226077262062,14.286261663808036,-9.464272509310256
96,-19.789360107535945,-5.989903960249112,7.190672016927605,-4.979608463576817,-0.24764910966312695,14.445984163642734,13.675669337757657,15.987108749292767,-34.16246962635769,8.529297000002162,34.00884215865442,-33.88689590543253,4.073159881586058,-4.999834571432697,-20.812066013585866,44.86923458524697,-0.464182507737541,18.085302367401354,-77.2978213708498,-54.91693042473082,29.381277475745826,-16.7310747021046,-67.91411446062268,16.5886909486046,-6.486773126890558
97,-20.261100917346333,-0.6612597313935151,3.6198601349507524,-6.590243529588629,8.096447438376122,17.020487298894448,14.870096263470971,14.397802020826758,-38.493840802302834,10.109714004066621,37.16253765191463,-31.042394274897454,1.518686688974084,1.9497561238676573,-29.7339627216268,43.654829338996635,-3.3787836553402073,24.06192163783628,-78.59259263719399,-51.7296878423667,29.52588652806081,-9.608968936029836,-57.38147956533375,8.957502546836018,-1.8142380056497958
98,-21.54725021161184,0.6308573142329039,-2.9499436478704606,-0.7550318349473839,6.958465184154509,15.548899993525872,12.798843465446783,16.061981185778354,-38.4334380864855,19.86963379892906,39.324993492926204,-31.389167849758547,-2.4364013030633878,-0.15397535009378194,-36.67002558240807,47.65055427750318,-0.9295002613960214,24.300855409112145,-80.04640391014266,-38.46189515247917,29.74230433985802,-7.448056304695706,-65.6619198932273,19.171010863339703,4.683333105659235
99,-21.97736451656499,1.6759639519237313,10.773817246030427,-9.352647038243088,7.010755713382185,17.67899766016102,9.621476929188487,18.477136019543046,-40.00537747101126,11.699552891941568,41.785054341317064,-30.611315095278734,-10.41060835106066,-0.016623627427825083,-21.248085889893336,49.230573761612106,-3.2026010829523646,17.103994393650574,-82.12142002634945,-45.101229331444635,25.200701331138486,-5.14797354485246,-56.2491513218073,5.473324895729887,-6.512362913555917
100,-19.407513778026992,2.101353592331839,0.8084523846915936,-4.1876699720970745,4.8769227811865585,18.31010861284508,11.05142276515175,12.810009859734004,-39.99830288360623,14.048702380790056,39.3052890154862,-34.659519033390346,-9.896236594910139,-0.39769370634379464,-3.7247063895832593,49.95570729460002,-2.2308906243227575,18.1398595128258,-82.30011179811238,-42.4730954758479,18.691077095356217,6.439157562412881,-63.71040152615781,9.981851907883438,-6.37044059610844
101,-24.227604940646113,0.3250721702381343,2.113456114634514,-9.204804496623625,5.594812148401015,18.36631151440372,8.339961335676847,13.991057538900892,-41.41540271355737,4.834581604623226,38.36317930180477,-30.464169281400935,-14.348162090465728,6.5211767067808415,-6.263112265336513,42.21271270423326,6.103250907235859,21.5619068543032,-86.14909159388378,-44.72157202265179,7.815012758227915,-0.5065029360179417,-79.06539049306056,9.683513337205982,-6.493178767539191
102,-23.851663197503633,3.4656610497590723,6.364044838526048,-7.733709719870723,7.780546148864139,23.299573972675034,14.492457490141302,12.93918267976568,-36.76926897093256,13.114930641901795,43.660056881018136,-35.28724082705588,-17.832156064313914,5.202234678152748,-15.205563585576215,31.972262187981826,9.661789211370161,11.23511495207595,-89.50217048749626,-40.07538474826088,19.387727745581905,5.433521777628645,-71.81872952641773,20.546965406459663,-9.166804005384263
103,-24.694072276403574,2.189162169553706,4.9598291418368525,-3.8916687791195903,6.831344302075263,23.093766510569097,15.359780158149794,11.227173343681876,-49.19510794463739,5.05995643339412,40.55611360932123,-31.86527948463515,-13.55112810261388,8.061185439408355,-13.187679260896754,29.088109359418496,10.034473447378746,15.179809780581198,-75.02857292154991,-44.19330605641911,7.561046815809213,-6.127488621671957,-69.44530304009973,27.118823170141894,-13.829214723723272
104,-23.954513823604202,4.238078589547888,13.681507879498628,-9.795395846593202,4.948337028096853,29.202028061553424,11.223297225696886,-1.1679249702144334,-51.27605914132174,8.20857022869489,46.73591614644842,-36.09772692588441,-8.473677568272564,10.750302310299821,-19.090373041933482,23.4607456842424,12.710437348875418,21.969028351998176,-84.61369141856518,-36.81260469193535,4.295950905036229,-4.382809091317921,-67.38120974206404,31.483602246870987,-3.2569677172669653
105,-23.876330098104265,2.748921391330624,4.250806822829571,-2.4105328255062837,-0.8910080161220062,29.41507115884811,7.744164222626747,4.7619756053743245,-38.08521036327003,12.042466342644678,43.3677708774681,-31.50612778946128,-10.09446520648977,8.150511371975846,-17.471077097363725,39.425241362160776,12.702038348895366,30.33758623582393,-81.58933948417706,-37.303583347464965,3.140321653411871,-7.587210123754349,-69.54021549541193,28.194206814963586,-17.420603199236368
106,-23.0618838366697,7.653896811474926,8.053536576393807,-8.539260704267518,8.67107407436295,30.55041614111985,7.56048604480142,5.59167719077408,-44.70510546582979,16.01004296979853,43.0952739081798,-32.125834918189696,-9.698380622091179,1.0288283082223715,-13.107448875463538,35.748765465714214,10.543388665977846,31.381680300026666,-81.64745315197922,-34.37315278141425,-0.17543854002567405,-15.36296371337786,-74.11002885804561,38.72227154717927,-14.220205813935916
107,-23.02273030086153,4.859726949875756,10.66097052001353,-18.643019108672398,11.23849572329895,31.25913451803927,10.35426568989513,-2.3108041535991672,-34.10218964762289,13.530158322644183,46.79020673301381,-31.64762761332434,-4.873528352580058,-7.831738996191262,-17.81181316980645,38.30494528849909,18.03741882174616,42.29505658279155,-87.92686085977734,-30.477723485124432,-6.242405521599004,-4.130620469348375,-71.63515386549513,24.923662535611857,-10.875212462625148
108,-22.923414763026464,9.666680310855691,5.816020875645994,-9.07829375563685,1.1916026873698229,31.16070674506901,6.78466198095951,4.612373301891051,-35.41067513799049,19.061553871279685,41.58328654409,-25.8313677694233,-8.302157727374468,-3.730552609463782,-21.03373454390831,37.81166603413454,20.02609636848447,36.8807317741157,-85.12680684636524,-42.19846236996548,-9.565422304783429,-6.971166565380027,-81.5616722751153,27.05831550609458,-11.890372341172473
109,-25.37250213375466,7.301004483547814,0.7273892298910174,-8.802546479197286,5.231878909686413,28.32429880841996,13.040517350135673,6.362045754237519,-41.18157477921808,12.764304508036775,38.03080582713157,-30.718104692749243,-10.790823201214746,-1.192115542815762,-19.914125587303843,40.67954962812378,20.384829703156665,32.600105616299686,-96.14756440006535,-30.96883413164323,-6.268687306912778,-2.871765394524185,-83.4294886346,35.09070368929551,-16.98444293323621
110,-22.179636103600316,9.355457585661554,1.4552741563008882,-5.938792051350788,0.655308789884121,26.98274159601722,8.488518406951325,2.039848298634793,-34.34340771293527,18.67841608030675,39.68712930752331,-30.926142346643147,-5.318983807402041,-4.023465621032647,-19.863116802527014,43.82575763534411,19.508534029212406,25.53617840983133,-99.78417325661736,-22.943315867309675,-2.2996786905094933,-1.5712383984992113,-82.84269521935158,39.65217720317667,-14.320432947781683
111,-21.82525313238781,8.97751947062948,-2.5498216801737916,-22.238836514893315,2.6343765460826583,26.835801357853022,10.445288748455498,-4.720704884299508,-34.01598394471342,13.103927721148741,43.778720374059304,-27.40930816708979,-0.3776977628362146,2.745687243696194,-18.53967172011069,46.89457004782501,16.13561460705496,23.647420952177963,-92.30466996242079,-35.37841359300629,-2.1745904716078757,-1.4407624418952287,-74.93020570394248,35.28695923104886,-22.960133067917006
112,-20.15958726848956,0.4848031938380917,3.9452518726328556,-2.7858814259677667,-5.7200190326441955,22.684809872081143,12.059905887587275,2.010342055555941,-30.451014617841462,4.37861438424241,44.70929796161147,-29.513420133774172,-8.781112731736723,-4.1424501744612865,-14.750304059145952,46.316148254407864,9.964116525208208,24.959080730817615,-79.73260892734315,-26.165513291734804,-4.77210058326933,2.8784271112079516,-74.45703698876125,35.1675307662357,-12.872519618571138
113,-20.58597840071575,7.994564470535004,4.698669996243017,-7.125238971277803,2.371935230530247,24.823923155441975,11.447942995977263,1.8516241172768337,-31.471031712247836,11.583187957360877,50.437824994448874,-25.897083914628478,-4.873517467885435,5.0580605694713014,-18.743464921093338,44.060416664513646,3.8173535010832174,31.10623605428457,-84.12779536147634,-24.976059103668018,-5.526840805578757,0.2648327169449043,-73.5519413314488,33.75198285550841,-36.60344994095883
114,-23.895170796626783,7.269763854054656,3.707907281783274,-5.847455080279781,-2.1576553103829803,26.86241447691651,9.556595524286543,2.702064626878304,-24.88787990560495,1.6837759713085543,51.83663295962789,-26.30516252072198,2.4538839650457165,2.957997101275182,-13.760486076289046,38.47744336267554,4.053471619078897,29.51004606954233,-79.47613927400566,-26.889536308532634,-4.01254774427113,3.372511260279305,-74.73108208933932,37.31470850990511,-30.133970256785027
115,-21.52225919659934,7.8039031602305835,2.2487609670368833,-15.055061328942356,1.1337737792241078,27.060499183996722,12.616724617786492,6.474223718091524,-21.936720347375246,7.7367901685995815,57.1776610500159,-27.501099932484337,-2.8747527438444136,9.722395168844141,-15.55680548198097,38.84907019030611,0.3591358850095675,20.911944069757514,-79.89410860496811,-21.886328710841426,-5.884577935440077,-6.45996416400044,-73.21031133267938,37.73317177842046,-35.728002345229385
116,-19.931313015816237,4.79102304225704,4.286149898045721,-16.17008531132754,-9.365307518421652,26.496404925105267,14.813991582645913,5.318703372974681,-25.198453270612966,11.48129249751604,52.710513126596624,-29.558633487052784,4.722048904189224,8.308987558945446,-14.594209738158243,44.48830880048022,6.920868034989233,25.676591538082185,-77.12167882450947,-15.293887819821084,-3.434111624830856,-3.7289504724585405,-73.58775221350706,35.60417229156313,-17.8645255801867
117,-18.48058884739151,4.936257916368959,8.469780033580355,-13.36823742245121,0.25629356879025034,29.963754239290175,17.34261941410539,7.994797443119804,-28.951072742694777,6.36920885292378,56.14697694920066,-30.14240304067242,5.667299633444403,10.291238107853133,-27.107911083016116,51.38803453883839,12.158806537839627,24.916489445566658,-72.5714875477697,-24.336675436405656,-8.557528483691641,2.337582432451014,-73.30443111478222,47.898972497583614,-26.042717814704172
118,-20.197591316867364,7.533829000446282,4.14024125547935,-8.88686996467288,1.7830785155343278,27.272735768722875,16.691807323756912,1.652962845481057,-28.10889512563527,8.77683991284396,58.441932696981816,-33.14289669567073,6.7906905499612,7.316832546304156,-25.96773545879309,46.85610703297364,6.1853720757138095,26.762950253705124,-60.38417486980014,-25.177876205211998,-6.5402487355709225,-3.333007238764575,-64.2543122984798,50.77568385514257,-29.337739450065854
119,-21.66816826884849,6.034554414612569,1.9991587761630634,-15.524300612744593,-8.734312567818655,26.756395233198788,17.287746178568707,5.136881867067599,-18.786262637518863,2.3696353741203473,63.370596938044145,-29.893060589024994,14.243657698372402,11.431437387207701,-28.66552987560017,55.03072456058742,13.600754433593433,27.10029983087674,-72.90020288917117,-24.329657226270534,-3.2424245456680856,-10.32222703354456,-66.73184798920829,59.167037246315154,-41.88844824417948
120,-17.478542402287076,3.0027342849579512,3.5161501909720383,-14.982062350451983,-5.668403541572145,28.80489659437869,17.624474242473266,1.5434054946992322,-27.986825746815352,4.75172699164788,61.640453630239215,-31.079631187684665,7.232851597048043,6.981002130208488,-35.77222646969351,49.24575454818802,13.680995490519614,18.757112684860207,-93.4440246354107,-23.54414914911023,-2.780594230424544,-8.039862198529747,-73.84368206619976,66.90814418745857,-48.993821748917824
121,-18.44701070476761,5.663368759926395,-1.0782213443262596,-15.63709953852267,-7.2072949510001285,26.86702273134383,15.885481573625682,6.749292469169038,-20.082412375429385,3.144535553248299,61.7478656063419,-27.540687850672047,6.57404387180618,21.415461889806572,-38.65844712579449,53.71943423035982,13.562564577511719,25.327594470691462,-81.04905056252665,-21.625313734391412,-2.3752213938819073,-11.691050924620559,-82.84804432403466,61.26849780903846,-43.65943548906227
122,-16.817367018529083,6.412507310796648,0.59778343147233,-19.408743258553343,-2.932981525432952,27.621560203961064,20.49095401001805,5.818847052298128,-21.841524228281116,13.820598701785004,63.19370526967639,-23.415265377739402,13.106033030852895,2.8223520840286622,-35.41023563060679,63.699808550704326,15.687339573483765,25.753701247956435,-87.6826059722213,-16.102202293261648,-4.536171335181471,-12.571440380887758,-76.43485417752261,63.756573300357154,-47.15897101299736
123,-18.67000385068127,6.497855340070135,4.745432640989648,-9.54382800320871,1.7755227867633225,26.581980226633465,14.837946061282464,1.7944562117994334,-25.696966961272924,15.764381467913832,68.31999333498763,-23.780866897793576,6.211025517925316,2.332308733919708,-39.11212596574556,64.76249564786731,22.66333386196253,35.69673679471484,-95.43229212228137,-15.34508563166378,-9.260111875826937,-7.847590519253369,-69.31493662981308,61.23077622758229,-52.94489082748791
124,-18.1514290084474,3.497054624909821,4.341032162772104,-12.878354652867728,-0.22111934468933292,25.551434086349524,19.501510967021137,1.1022379292413675,-17.710289477733664,18.032329589011244,69.7537821426445,-17.705918952394594,11.458724812950075,-0.48455382291793203,-45.91377946665499,63.07706634780895,29.375732202276566,20.43615825215948,-93.51724104550684,-23.30976983149356,-10.037604090168577,3.4705665708114286,-72.07690118275518,70.66336741205343,-35.95323697595036
125,-17.68412310818617,5.806079457758508,2.629071132276347,-8.881465565560116,3.167106916454982,23.61208608351068,15.691063158396394,-0.5957231563738823,-20.56646313325694,3.173339381759864,70.76079993740538,-21.334898342976054,11.700013666295419,-2.6519981890353153,-35.169922854174175,65.10639250875447,33.21755329383278,18.566326070896356,-78.2833324669189,-26.618514176948494,-2.9151111282610547,-1.280176865082836,-70.03429907498783,49.49962589728179,-37.72240685899833
126,-18.09310875359905,11.44355204968485,4.930094648764027,-16.76941038820323,8.711305173066014,24.01921315622062,13.929130315437309,-4.804488770982221,-19.039377521804134,14.863790786371878,69.45923910343555,-22.067535136428,18.769276967468116,9.688977597681957,-45.50872260401636,75.31799492087369,29.798931900419287,11.392084617633728,-95.87555255113323,-34.43253712311798,-0.30574681119656516,-4.222390084806092,-69.40575991148317,40.83813654836884,-40.78348608354227
127,-19.269722678109694,8.849971994998747,4.567764864939321,-17.1934554280973,4.008528545607516,23.767666271344282,8.623212292037897,-4.371956486816533,-31.504502842764538,11.84740342439867,70.91067496867326,-24.83974315024158,8.263896468841478,7.7583734797315405,-42.73542086219021,77.67831965022005,26.095484602474357,17.070828267953324,-103.82836703178556,-27.687045377626724,-5.992222749190927,-4.134036104917508,-77.28360006640408,43.05416985824009,-38.970687755941725
128,-20.70898631992833,7.745302329714256,2.133337369307054,-10.587451260743611,-3.2110574443149953,28.494127822108677,10.795302793768318,0.9812821632784705,-25.32137516501929,9.428062139710857,72.30082874729767,-24.046863816652564,15.859952117615244,18.456960118968098,-56.763001697221654,70.80689909605798,28.001262563380926,12.765329509981747,-80.29550591316531,-21.288408205291116,-4.172602651893894,-7.007322276662662,-67.99984928990624,57.92858044459389,-39.06395804895897
129,-19.570337352190204,9.622833971764633,8.660606562326807,-14.123919270164816,-4.0568548570605145,29.075103458329135,7.80310562531468,-0.8009937255237648,-19.391520777545182,14.9740395152147,72.70303339805531,-25.824295284055417,16.16986383094607,14.264193708686287,-52.65746845167931,68.69944660634147,20.76166868429943,17.592744445561415,-93.37230898166713,-9.501106208732647,-9.801675587134463,-14.116755147192427,-69.32298761336254,52.335358063115024,-44.89550287300341
130,-18.965648813513642,6.890988109642236,7.5913050976700625,-12.669837556978553,-10.534914339487766,32.76961247561123,11.924996206939994,-2.6528156334816293,-20.355887048915594,16.79252721017089,72.03168458399556,-28.206447943301757,15.005476113272207,18.766661535307335,-39.29030227201294,67.33199779153016,24.615997748051715,11.311086842469773,-93.51478505518372,-21.521329414945114,-10.23428653538668,-11.947583421964588,-66.80632821609117,48.49057663308422,-41.107092586855394
131,-16.886921871770493,10.943938994611736,9.199616506959284,-14.13072668101043,5.9743894505076565,32.17409876689628,10.37253101976054,-2.3976483110544233,-20.43540248522681,15.085626158894055,68.30714985120133,-34.09619673913751,17.092519368396957,17.284849996652518,-37.484735834776544,77.22230150566917,25.215051412590256,4.5923687488583145,-92.20463038985433,-32.97068615042924,-2.43614290991519,-12.676471546277607,-60.726281542110904,51.63979880615518,-40.3992605267714
132,-16.517168549105854,9.334916382162127,7.377902445164701,-7.513471933641162,-9.818556032157847,27.60195858428382,10.903710465575166,1.6890506484986765,-19.041309781269803,9.14952962399151,73.74886355370421,-28.140557685566293,13.744310165688724,19.570154345697958,-28.106944853879426,80.08064017173584,26.79325557054199,1.9448652768244845,-91.29592795621966,-26.761212391582475,-3.779088839704393,-10.004078913788641,-60.18420671152807,46.001873411061375,-44.65416331116222
133,-15.257101559193798,10.437512845400493,7.76671914501255,-9.929739529216691,-9.375346258423104,24.471341112526645,13.520066875950793,-5.371821979961959,-15.027957312007413,10.394541766701543,75.52021522373423,-30.574924641626424,10.169158336780425,7.103987826908501,-41.99210905552748,76.85620388902099,24.561824409866972,5.971615397539637,-100.94836789064887,-16.111495482935556,-7.763084148993286,-15.513523121752309,-56.30401634389458,60.9103362930229,-27.47455524491574
134,-15.8701268066505,8.300268725518336,9.137543108515507,-7.89373582380559,1.6875041201224033,27.261233864228295,11.035067980282113,-3.0950039555974076,-23.00034503762174,10.955756172569922,74.91514984852456,-27.51155810956983,20.101165507438008,1.910655864523731,-33.34729407286406,73.24393528637069,22.02763221931182,-2.631972508871719,-99.2786675892549,-25.595120824387045,-4.887062618571756,-15.465696949386183,-50.45914305144572,56.470857812284315,-27.07207885629239
135,-16.680988433925386,9.09302297269549,9.178789526439003,-7.7182570642613175,-3.7105955188517123,24.279576455912753,10.43863781968657,2.217032563214019,-22.29069906148855,6.499684812660087,75.74632984390959,-20.37040261861723,9.931181699033248,19.845082926392394,-36.920243873216286,73.63164190472426,29.35685137505265,5.910206203295107,-89.45330916850524,-15.987180137022271,-2.854771531073344,-17.094530228043123,-59.511943947345245,51.78693410010887,-16.76320679316786
136,-19.411737246917113,15.29431082617624,8.560760074264401,-15.450748457550649,4.4629176453535955,23.741333332376403,10.082251085490205,2.432416022039308,-19.51133374096154,21.09421571074733,85.05226717233828,-10.636167070050938,20.420883509497294,15.551100542746411,-44.03755097765368,66.50616819127754,24.71326118812983,8.595945486575662,-90.64032516086776,-15.94316518767206,-13.94514986706232,1.5148055758862464,-56.86721662293314,57.297478389812014,-12.852851632441094
137,-17.01884559658603,16.448549522946465,6.418452532476991,-13.637252172933739,-2.159642834188277,22.9981620735036,10.348497171975442,4.33027072564082,-14.377144366377573,19.965002864440162,81.9249306513261,-19.11353831968743,15.842247678282254,17.21488678854715,-48.599330048680955,62.005686690263055,25.35281825354192,8.434767851558036,-88.69670964226695,-11.896310643037221,-10.782278779585258,-4.241445430916743,-53.76260580984383,60.859699984028396,-17.166433708040213
138,-18.70978305343623,12.074493525116385,8.427356100711432,-12.146394283678989,-6.0648962120951815,23.418290788592195,5.628632247619153,1.873577452284307,-19.146787653610676,18.924251863266313,79.75875525188931,-18.045745980032475,16.623030567277503,16.418386032648836,-39.411490972743536,60.64794869855967,27.251254295382953,4.9233079116617136,-107.35611504030591,-11.68688356489165,-16.732018732717325,-5.976586022289951,-52.51695396079469,70.53267161587094,-22.835565746804104
139,-18.760371598195626,12.003195164021328,5.357029212803577,-3.088867977528328,-1.1725791237264362,23.914342975213646,10.729157229866605,2.039747804885448,-23.889450863253042,11.705297011711192,81.57454791333627,-15.167879826662634,16.579657107600628,15.04343865553805,-42.00075709668299,59.01274252609742,28.97294268870456,-0.7935029502400112,-104.08896345871844,-20.91274049365896,-19.00980585116329,-3.86861249105661,-56.1868718848969,76.42338457745788,-21.53557413175432
140,-17.812096633675452,11.442953513046769,3.7702997780624186,-7.568393796902579,-0.48139372950870657,23.18543143084132,14.682582937197433,-2.558600302304573,-29.884209551598104,8.744429276703533,82.62371140866043,-18.427800798118994,21.656358267178206,11.817616300685552,-41.4357490913964,63.40624632566249,31.909165799086907,-7.334321736104727,-97.4169693574806,-13.317312622975004,-18.775814937865974,1.1996394369831873,-61.62133502997139,70.72702766012314,-35.15297000258674
141,-19.25556483150187,7.61955314830386,5.594904995655635,-8.743195321189722,-7.160600153193487,21.886340456899564,18.778927222762444,-2.7407687025091656,-21.05970739621066,1.8218079017963884,82.70534125416478,-16.298759684802885,26.48896388401122,18.052534914244543,-41.90930174886948,67.06391963992398,24.95121629874706,-2.11085346171954,-87.90874150807387,-15.909387383745871,-25.30868538410641,-0.8101066152849863,-52.390845578460784,73.3549551892408,-29.61455288143778
142,-19.17860837294642,10.219565946675164,9.15614201135345,-13.89096728852142,4.30642116611092,25.50786291825658,17.43542886414337,-2.3144879182618943,-17.49816017539974,11.738835742557146,83.24741437045178,-16.839212269302312,21.355036455669076,17.15085756288718,-39.976920382146375,65.01745568062951,21.83048179913479,3.9315436514030586,-81.53368203011301,-14.458330266158974,-12.397844382738324,-2.5792311061377804,-63.82762104209876,66.87722060825976,-20.80813754335563
143,-22.74993185869419,6.92451508617898,4.069361059405338,-10.03719134494725,-5.094476607605979,25.345859854935107,14.720950816743844,-6.307848582819508,-18.4433997645485,14.113055722337293,83.37068164832367,-15.139388871261936,24.64083079525156,17.422649521363347,-36.72634737545214,63.83483038030967,26.337550510313775,0.8800249639212163,-84.39664102615818,-15.446570978614616,-13.32187359145598,-4.652589823355424,-60.2254590568645,68.70477250426812,-20.01400341188932
144,-18.382844739405986,11.380899216631162,14.089740295580684,-14.515995756937457,-5.319234350286646,22.86502426083774,14.423192336862943,-9.393674863005074,-16.86434027291232,15.237640039418313,82.43338492452756,-16.880982617392945,25.034885318505996,12.189520972788912,-38.75637103891323,62.29030457057934,21.171296354420637,-3.208399348019427,-73.88368001832754,-13.42758510616124,-15.12194282569691,-4.388621529197315,-56.52648508316141,64.47907559745427,-21.814456467607343
145,-21.672828085137144,11.54148386514659,8.118634174585,-13.787999457307867,-3.0668788861055374,21.375794705054368,12.868146313837975,-1.2483937283745261,-17.049238473205982,16.018897157899463,78.66037152947976,-13.612560472607694,28.210470232217,16.94689970427352,-44.757852472142375,65.12831100377552,13.005080062860188,-0.8868226176899849,-81.73126308112883,-17.328881292291413,-9.304976978769648,-8.670451437320251,-45.11217577374067,64.5401531562536,-37.69336792713754
146,-21.780124621229294,11.21127212362363,9.775903138715224,-11.176250125680781,0.1784346948571045,21.634059609010407,12.684424702952118,-3.6010652630241218,-11.87444897454485,2.9622283081827607,85.72700947927831,-18.413211336518266,27.487986766779702,18.71839524124115,-41.78796673608999,73.59494597042722,11.548667519701416,9.728316541338225,-81.71932383475912,-14.999366250328148,-14.652983693383863,-14.878956294644805,-43.98845039904965,71.66075502241915,-21.653099273866957
147,-21.551352120002285,12.915242475551171,9.964141995266216,-12.34975450780133,-2.4639745901868215,24.939566673033024,12.690998128097675,-4.338507670273749,-15.869619954530824,1.1490745389296233,83.78858789405072,-22.048323989964373,29.82211998788631,16.93393914096141,-44.465006343750886,70.66320377486586,9.082316843757738,-0.711920679474134,-73.59651407781874,-21.233017877281966,-7.599996558702609,-7.2348136991967325,-32.6850539009394,63.00743578681457,-8.918399575928103
148,-23.021900603916592,13.015955261208862,7.746771782661201,-11.264512322699584,-6.301195486154427,22.83234932550235,16.38135244865473,-11.985246356073295,-2.3017463071241906,8.721360273141807,78.98236357413452,-11.241633365355248,21.825049040498925,24.696918976193974,-54.767031808953504,73.64078742766841,14.509333079519376,-6.836093121898628,-65.79838087158286,-30.523211576871038,-14.028959201577138,-3.7824865932588794,-31.846400462402713,63.2641778311774,-14.269169322086205
149,-20.384176350087614,7.460227026975773,11.827494595374128,-5.1958399847063745,-11.423031459555126,23.31266777425388,14.09711526683649,-10.92586629084524,-16.601433952510952,1.4779170467818856,78.75793802996601,-18.266061627428577,23.094625228141233,13.785996012727622,-43.45579186278633,80.77955813028838,11.329198428133278,-0.20733460481792054,-66.86289044060952,-16.80649190022164,-12.324349852408726,0.5486968773095005,-29.598192381728158,54.660133373989076,-17.235433826707023
150,-19.103376414261927,8.554904823271427,7.268033098992013,-15.353625581054828,-6.7942809897979295,23.060557975905507,17.006445440135074,-12.23408346209848,-17.792689226145747,4.071085739547605,74.58482266172913,-13.485675654454411,22.064828738031004,25.03086905903139,-42.86073679207464,77.39593093452108,17.102152758110538,-5.338834066514474,-76.71970068107055,-12.72133181109859,-8.95706494964464,-9.612960053143048,-23.49063223133183,53.153355176927526,-6.7163175052246
151,-20.401408834622433,11.814345803264429,10.888040230268764,-21.908291040733936,-7.846605550520771,26.285957438591197,10.126729006174749,-6.299893016842282,-11.381887737023492,-0.05503743067554945,74.84565611614981,-16.528819220277864,18.123625941443525,27.70629638543089,-44.16885543065315,75.25252624091578,19.806663902003958,-14.54252756252719,-58.52870246402307,-15.005392390781017,3.3458543860670282,4.062320562212035,-21.705446756418254,65.51353377343368,-20.42726998334677
152,-21.53352386511662,10.224794562661241,6.061907366529709,-15.87492889100515,3.257948226452648,23.139054547144603,12.87432808852397,-13.178049221544413,-20.902550108993083,-1.96382376705175,71.35082942950447,-18.791503907175155,23.79761275135584,23.164029625093942,-44.59074833043131,69.88091306152126,20.811173053189556,-8.950482308189738,-64.96953006389548,-4.505843290009217,0.32552146869868737,5.907082702067968,-12.38421196379155,57.82114110071613,-21.505076343166927
153,-24.158537674021474,8.90501069866118,3.3932698471036016,-18.87851065969968,-4.235439953402316,25.37385643475813,18.20453560881375,-6.913791963812756,-26.317725002028823,-0.9568885946512371,73.65098073512668,-25.060490292871823,24.07135178790751,21.298827322241248,-42.87614717789072,66.87977874443607,21.201490048366882,-13.749687248643387,-57.80614863735075,-7.861738500889876,7.849306959210428,4.12067327421135,-20.627736262708673,62.94534661350858,-32.12207819414182
154,-24.54385252067054,8.704995627742868,12.954055431566546,-14.628634513579865,4.813570701926376,20.66438407850954,11.510817506265404,-8.249763315406017,-23.79291656058487,1.143977949986977,72.04631001450794,-20.896865263287292,22.037800922952034,25.37937873484766,-35.511604463540465,66.28034007941673,19.30445504972361,-19.625645588304945,-48.3511969293839,-4.353162229928027,13.643923984098635,11.526676313674054,-19.88933770647248,59.854251578877395,-25.064531150055505
155,-19.51913548715623,8.381898917381742,5.496816334514294,-8.096690388373197,0.18366206165987808,21.82849324631418,14.54045744960183,-5.88726722619843,-18.46065135480768,9.172648041340471,68.52228788954713,-19.032336817392387,21.54856796986575,39.390070412555524,-36.86399903247955,64.51851652748057,21.07061806983942,-19.194298412303727,-47.44230909185054,-5.860331684275574,12.232007334508399,11.82570339667422,-21.360257446034442,66.70150991935593,-21.48772702182071
156,-24.6361546992452,8.871009061699816,9.728745033281067,-17.030379242636833,-1.077671201777623,22.46038329763934,15.38815496687187,-9.782154262116993,-16.733512666512876,10.384589909187175,64.29615170602993,-26.252388044840572,16.157198462346226,24.32552727260982,-40.77863863619219,62.205760314037164,18.159841837404297,-23.536872524783096,-49.228166161855114,-4.523557796988704,9.116247968310073,15.666335850465742,-23.84698550516489,65.57317109901041,-17.372265733262612
157,-24.49957445716646,7.640644953531754,4.375115827986654,-9.501941483296129,-3.5673591600800445,22.211330086125557,15.22474789611362,-12.551523472153082,-19.4626061622367,5.381184062196342,58.50949032998586,-23.00285963355335,20.644910955850705,22.853682723580995,-35.10333519038753,57.20881518267228,14.592400640357539,-19.65013433586548,-54.90892357706553,0.3639847724706816,-0.3190236119161052,7.64408535616848,-26.21192196693273,66.46227162351903,-41.54286756223098
158,-22.61406473626722,9.234834978678322,8.006087410991954,-10.360411888611079,0.5423257791751217,24.257062886181536,16.02344622665563,-13.26591883398265,-14.73240847263175,-6.592847254613618,62.78113157161317,-24.792215309261845,17.91041566228559,24.01743326858162,-38.91387902450635,58.38718888724872,18.220835831577517,-25.886143305684573,-45.720281357566385,-1.0163328561472287,-2.7234181147635037,8.973572770281438,-20.14620624107696,71.66195653461784,-26.425970953515982
159,-22.71646663439793,9.94171105528282,8.647849476377218,-21.902477543248906,-10.594629399591753,24.567749253990325,6.483292199075704,-14.173031710690433,-12.367262679362389,-1.1472108125631735,63.679544711837465,-27.359924947924966,15.2113884716688,23.12016792717427,-38.181590079820104,65.71616408659818,23.33248141557012,-17.719763076379003,-57.46441860344114,-7.289590098379731,-8.285124998147996,10.600735616878554,-24.099918881220024,65.03784826452687,-33.81684097391062
160,-22.659314904056288,10.83504268965408,3.899930772102464,-21.29008665150439,4.788442051945592,19.85488975803735,10.866183005291099,-8.389144771084572,-17.262526181634527,5.284480427445488,66.1122238382229,-25.83745683731878,17.040980269570202,16.14337888302049,-32.266160101785346,69.77173330893712,32.75000646780473,-16.015696567074045,-65.92863496524707,-1.4497051882307632,-13.208049063634968,11.11397373719686,-22.277356234551117,73.00806388919038,-28.353831123360216
161,-22.60304553523856,6.078721164255153,7.291795390078423,-22.48849194647561,-8.778696531099188,22.87427537073195,7.312072211598475,-7.861026571610623,-19.384693635405448,6.929971457651271,66.7549872971822,-24.78721896573181,16.40711125759708,16.575523200292633,-12.830493761915868,73.65387529006553,35.560506233863265,-20.64208240305152,-70.93170408401751,-10.386597674712602,-8.433233461447681,12.411126663987865,-25.649701002326324,82.10870861414196,-32.109407609422234
162,-20.957617964254435,7.257519492158953,5.15876273638852,-21.41368819095709,-9.834548810158939,25.521206171955818,8.165461777147797,-13.603568022927329,-20.61457972200349,-3.2540165672636947,67.67827151594948,-21.2535074624935,20.443279531974838,25.815169085448673,-27.926652733734514,71.05739671068703,31.41911792134059,-16.926017380660493,-79.97548976579601,-10.996453031614907,-4.27694264253178,11.726172012411253,-20.54504547018938,79.42615346410638,-39.36970679309603
163,-21.879479217134932,8.191972016156486,9.80608163656683,-18.283831566479563,-3.499618893916347,27.111152583502555,5.980341374530116,-10.767853465272164,-11.54775499709305,6.709075527962305,68.54550828964018,-22.159695893552357,24.26059283368796,13.745368568687816,-21.25579815406776,75.01357527367352,32.48399873453631,-18.70885468802373,-82.90387017968501,-16.32091808967167,-4.413640462358744,17.636396808159784,-14.242350554750782,74.56728546654494,-33.443636140426214
164,-21.771038817563717,10.380200552572408,6.784140347759777,-10.78438055066561,-1.469613783949476,25.843027337917437,10.837530801684592,-13.271673416879741,-4.747336541618223,4.903422741796987,71.24334329878093,-20.932223914594335,15.797924193056213,24.736420715034917,-20.949639280951367,72.98132117191531,27.492599745519225,-19.929426260938495,-85.29789439506628,-19.899075637568487,7.646910619731138,25.22583391429619,-17.344635048494514,67.60783535517372,-27.116631984739193
165,-21.84355964453215,7.863366162281617,4.723548919943141,-9.118756330723745,-1.2311068221507075,23.425025395355988,5.084742511961415,-9.671932430151632,-15.257454301327662,4.261368077333291,66.42958975570691,-16.36321840308624,22.61557700210347,13.651047049073911,-25.17855360133094,72.9247282148083,24.816298336903586,-15.199757169610852,-80.73335853104653,-19.18712802898375,7.33365209148987,31.48803685181495,-14.110862015257096,80.2010808069485,-19.7392984964382
166,-25.176239056428074,8.728403319216326,6.733003036328578,-7.14589499414982,2.7236918241317523,21.597994610801447,-2.281723717208885,-13.633679079817707,-17.629606482141593,8.909818918628341,68.1600083379672,-15.581790003662022,25.533414023966742,12.210825384133905,-29.68326925113657,71.71543930836059,22.895682275132394,-16.133882615440093,-87.10776831541965,-17.868741499058103,1.0264214203102142,17.897182806622386,-18.97156243981478,66.87870865522937,-34.07468189592642
167,-25.661800988820346,7.9983225479762305,5.382559053278725,-12.414473303849276,-5.785802664913544,21.068165693258234,-0.810394438994779,-4.938270903358433,-4.577007271499492,11.765683733507304,65.32480494029166,-16.164699693082245,21.441388776132865,20.86815414306143,-25.82646270652374,76.36449421515951,21.14285455133852,-30.204976507763295,-98.29872615812005,-5.528616636983975,-4.800966807046415,21.077689712710693,-20.77160712876796,67.90086835618217,-41.25173315986878
168,-27.700366645094142,5.5974005805814215,3.6459791589933035,-17.179224141549103,7.254000982738881,25.964112915632104,0.40187227640331646,-9.666516713047526,-7.72838250754511,10.574809221118045,62.980019295672335,-15.936877137528473,15.389505620234178,10.250987385030465,-29.369632398223374,76.87691974439362,24.685350004693177,-22.43188475971801,-94.3089437167968,-4.901359323085105,-7.839260050293397,18.990641688004057,-11.066353486986934,69.55728415704202,-42.14453606961881
169,-29.715209867518755,4.77999091690553,2.836555186415333,-14.721002746827015,-7.225672382252054,26.705352340006545,-4.524024756682091,-6.53542779052202,-6.959609226303323,5.229000761395253,61.643642289829145,-11.568819839437737,21.100582316674213,7.806900495346625,-24.914080118895974,75.10223462749533,22.989434610883926,-20.273352244337726,-89.34140243610487,-9.766799193774313,-13.579613882443734,11.88796820311413,-7.825221283814127,69.76835861036318,-40.33590839246607
170,-29.41758062048883,-1.6340916996824504,9.603979279378796,-7.906007210777139,-1.7560161664509533,26.79371415319735,3.7885484292481197,-9.246608241442786,4.196860298494707,7.54606675205939,63.213643814665794,-11.369650012322184,20.07901319998762,15.684796853581847,-25.54896190498928,82.26751634507754,25.4947886937692,-27.516283657915157,-97.14934205357503,-19.128514875038086,-15.475100480768905,8.86925168227152,-11.277629933656586,75.78641896017714,-38.00801131469999
171,-28.5351646025871,-1.286145310693919,13.004682219154965,-5.079376997919702,4.089246036305327,27.196620401044378,0.6321704228691138,-10.659791830732033,-5.758046067728975,2.5751667236410363,57.29874959220749,-21.958773785806844,21.122759401862147,4.805770622112536,-31.575063708383173,77.68779575001601,17.37189933569449,-23.75212572310657,-97.81532757572097,-12.90475741488163,-20.805286805628402,1.5825157519875042,-12.921182557515454,77.33322005921153,-37.06901005335853
172,-29.351185076990248,2.6575212175542036,9.430870732286781,-20.711980267440747,7.569836788075904,29.18641192370178,1.2260367786157857,-7.725338643283537,-4.297780285178302,11.314364517363337,66.14643352084299,-17.324192230558893,20.24860224848668,2.5465694065218685,-34.73127813425476,77.50418272080375,13.579327243876612,-24.12491211095851,-96.01679639638886,-16.374629208499222,-13.668612443983315,2.3049006651701376,-22.40422056110013,81.10228351149728,-46.11254256999272
173,-30.85938242433746,0.5155231056837191,10.963344455823599,-17.326379085917424,0.6689062771683694,28.504029785685923,2.9668622148422483,-8.271677767422174,-5.66423205807747,7.160329160299766,61.61684834615881,-17.071703499256586,15.858783028769228,11.238806509179842,-33.8528583641718,78.27230232096132,18.299963495543665,-31.614539503880728,-103.39839402885514,-18.504036465989937,-11.915098665651549,-2.0671085794719963,-16.765696476552396,81.12874427471586,-46.704662860780296
174,-29.47133004030178,4.849340031128408,5.347174260416862,-10.179674929270824,1.2874557999829617,27.839687441302452,1.4001981300595483,-8.79647760705845,-9.725811600969259,0.4425578631642211,63.443975305919686,-20.385692443552614,14.016888135636167,13.54131610526505,-39.880754904297504,76.72042618629158,12.318712535212953,-29.067191818959795,-104.3771238641433,-17.274985577854217,-14.20111504928524,-4.572500273321784,-20.06969042844078,86.10529890089028,-52.47961102561127
175,-25.722104538753847,6.689955120484695,2.076029204339334,-10.120002475512877,-2.2251980476433433,31.75974348581359,7.080221924795882,-3.9070275310996596,-7.638204647046209,-1.1635456249241973,61.724697059524146,-13.626270804977208,11.236111524089974,21.60771570169884,-37.05689647213078,88.2355136646557,15.123269154134107,-34.79819427867021,-105.1431652439764,-19.00885988369193,-14.566560671675244,-4.38652989533682,-33.20767033925833,85.05133905205193,-50.99371118976501
176,-25.214888135053346,8.358850687317817,9.961798530490363,-17.64193725545767,-1.7662793610585323,28.2336523259239,2.90568080829913,-10.803519307150957,-9.689974774648302,-6.54997010884523,62.249515507533786,-10.041143475270117,24.416821426109927,19.278460445658165,-40.17064431610711,85.97794550608603,12.6924435960794,-21.553658942523413,-101.14752182791979,-7.274975506915636,-18.703254511776695,2.6052752752379718,-21.737572418404294,77.61905496062394,-47.34950923804433
177,-25.498180251417114,9.720721785359366,2.861523009258452,-17.99249656046534,-1.7922472548940716,26.71309882171143,2.997638422320055,-13.163921283455387,-2.671355032383091,-5.974931318245285,60.651892274255516,-7.5563341133178,28.426520360122183,15.251587080951975,-39.08145986983167,86.06594179338582,16.362209791054777,-29.570558984522012,-102.91516606073954,-5.450197501833095,-15.941712232615329,6.244325511517287,-24.705145760610048,92.42517921619736,-47.809052897040885
178,-24.824716851116882,12.428881434175576,-0.29095379985258685,-14.041737355165111,1.301267782177594,26.094079936972925,2.6620315009557802,-12.60076410199476,-6.360585385109083,-7.11797360223864,60.61691222134223,-14.171690412240501,20.48900784558553,16.005425409190423,-31.181087743056047,85.26132948579327,16.123843504013596,-30.280084471455663,-101.15111386785608,-7.568888904665621,-20.522064368717565,9.4654065321889,-13.649810989761903,82.3633312279188,-70.37659567258683
179,-26.26807597407396,8.379625137817095,1.4087299676238905,-8.206256912557349,-1.3428029277527052,28.93687143770729,5.083020572084717,-14.460283938954905,-3.5903208678334644,-11.810109583952869,66.20362182284276,-15.945011330648285,21.664153034495524,13.487311791540726,-39.738099877969866,91.11944440440668,16.981096687731778,-25.862643382960492,-98.72802072032931,-10.910371304060344,-21.705020889877815,7.7191663468038945,-17.63839062168664,99.09274159452083,-55.17565009230577
180,-24.962780424801092,13.516974514604758,1.590886093045841,-5.859506566918476,4.126648131300709,32.2071073592568,10.138122499530667,-16.600391938403504,-12.317188465303403,1.7768433927137193,63.92404290164865,-17.56293615166693,26.936761034105764,23.43412010746773,-40.96369425184712,90.66887882561267,24.027333662148724,-29.123200147096224,-106.98859594114455,-21.00442369657259,-19.801857441934562,13.054728769457007,-22.041324800837263,94.49867849303931,-58.391419708270774
181,-24.773419858957507,9.468810881944732,1.4259486746053862,-11.93733023727281,5.1161897185111265,26.53732604068562,11.709176308784688,-10.245588420024179,-8.362908316831346,9.352504690192461,57.035089418843825,-16.228443253573253,22.066025429221884,30.360444699056533,-38.41068390631596,100.967162267365,18.268145451768515,-18.782391295781803,-105.37665352653335,-26.883328456172496,-31.401494682284774,16.108429236173194,-21.462077502412605,99.6718147754496,-52.659424740686866
182,-24.260645662265304,6.49599414169065,-1.3858456981342506,-12.049671158530362,1.9680788585117297,27.41476619274254,9.896295445040098,-11.168648843260797,-8.008307929446847,4.009417741245711,62.13651749680436,-23.92596025577848,19.546875492272296,17.448267180247093,-33.536779526293806,96.08139789701279,19.26467006880373,-8.88839621491997,-98.52374350605886,-5.885483213675581,-26.821176419023885,24.100207935282214,-21.1123262974143,103.87800052205593,-47.37167621864844
183,-28.056603936455435,13.7842006984103,6.071509335715649,-21.117731520721318,-1.6000757926337479,29.18431327331264,9.40579620803891,-12.11454823281237,-10.465898126750977,11.834464421469583,61.180169819683,-23.63493788916569,22.384302064135394,23.252185531389244,-28.09334765810373,92.66122022548129,16.808120400437534,-2.753314606137368,-102.0201847716088,-12.99574157273492,-22.557351665090824,23.30539191237823,-18.77142398830122,107.94422609410385,-52.243896106955134
184,-27.585885485069237,9.198075075871918,-0.9497974754001488,-15.227828742970182,2.403292931371684,26.635626569550308,13.550520675230445,-10.836829620104146,-15.48677857119085,-0.8458845592958104,62.45412876328935,-29.26492458862454,22.810234144632016,21.100368340540324,-30.483834210779005,88.29875987967462,15.278745146999473,-2.45807495519185,-100.90736235844847,-10.275297385617224,-26.816024430854345,13.7200724612496,-14.367922884748307,109.18121421220327,-41.21827672685477
185,-26.497873294357714,8.320171942713849,-2.2035973864486516,-7.085273015539491,-2.485134153831913,29.180998155211938,10.203855165181588,-6.494538470468948,-13.634419913721375,8.155246682182689,64.04151191361021,-30.434743545847642,13.318491409105855,25.445124586245537,-33.5708640493236,86.95963327314254,9.207878698670225,-20.29168026627164,-92.52466673127905,-18.326798205313434,-21.931973826044768,20.643742965455257,-14.049066688992909,109.93214510397493,-29.21659050704398
186,-26.363715338067202,7.086733320329813,1.9505131152686703,-10.820947750575337,-2.543313671189514,30.83664826210115,11.187462010293723,-15.409261976451075,-9.668408830268952,2.7785775761967604,69.19919636450977,-26.72665688744116,27.10529697519449,14.803298378607352,-34.925491902509464,90.25999144262137,9.611022931962449,-16.54936216965198,-94.49234369091148,-12.114736353308263,-28.83305995952084,15.610647216993309,-20.20328861770666,112.44934765020884,-22.63031355276181
187,-28.189086025246844,13.031946814645595,2.682901429756897,-17.982136132737992,-6.855882734123263,32.7897954171997,13.49165276858841,-17.239021228995746,-6.5557115950463825,6.965312260531851,69.51308757872071,-29.848213257688798,18.315502822230084,15.176316821694826,-25.504964077123006,83.2546926123351,6.668651075012801,-8.945976515487551,-90.36835787553107,-17.73533475293235,-27.983678366314656,20.625828857343052,-17.171188259428504,116.02440200489092,-37.35985969437219
188,-26.857029599270092,10.685267236740366,2.8775595388452393,-16.42654698450619,2.5679070989378334,26.990849711005616,6.996437352300753,-19.523861720705774,-9.41993961178445,0.7640168111187606,73.628304889093,-34.608795634495245,19.88534328805803,10.852733377526352,-26.79149215295784,76.74144769378432,5.2057795044631625,-9.97783470549282,-86.32720719667739,-14.847036103075046,-29.65061549728692,5.698071624319258,-13.934462457683303,119.47077875856452,-23.708246972593752
189,-28.65657725092729,6.268997768772849,-0.9116941041162987,-10.64692039374409,2.0290170280691315,27.161192297911317,11.069082376976624,-11.085887361031837,-9.485414894682487,-7.99395503768934,70.89078996885661,-35.49552456798297,30.212620711138086,15.196266440345699,-29.119070713285726,75.75109383953279,11.882061927230193,-11.810609253153636,-93.65379690734324,-21.681215890545033,-27.68435077222311,10.649575548526943,-18.827589121611283,109.34547090838025,-15.995688868551245
190,-27.217925017241154,9.541864204526895,-0.6573039315205449,-20.334766420420113,-6.131344581386901,29.802531810066004,11.20920476544853,-17.699966340120774,-2.437550294628176,-0.9537683610294243,69.40431216285448,-41.35297463109072,29.346390258819078,2.6643781163953477,-32.625994905921296,70.13359400327147,4.380445153385139,-12.28856466986626,-98.35479024569707,-37.88779986012494,-22.971233220538423,4.713376087507603,-23.74123859481214,104.09600140718432,-3.3496468627836706
191,-25.86963195582419,8.417936620311135,4.749828117394091,-11.222918025605829,-7.087818394309344,27.62625097093866,7.129462739012242,-15.29421076378314,-11.37382485890525,-1.9190108167872668,70.47998366662745,-44.22966534158547,28.702710415006155,9.106533219129727,-26.825635097888252,68.95142003745941,2.378950510726419,-24.12837097738924,-98.57685229582982,-32.96010255859045,-29.000009883360686,9.116573973957276,-24.4486058028726,115.02748169819225,-5.271859091907988
192,-25.468355152124605,9.822156550281331,4.036351154262655,-11.625010168888636,5.405329767103818,31.099230452410563,11.76917878915101,-18.83718773816026,-12.027457429726676,-3.8104761826065427,68.8914697283846,-34.02385480697986,31.996579220686197,0.8126518532788669,-29.412357895866794,69.54168435897009,-1.628218882533612,-16.734740863231302,-87.27780847976537,-20.538608822242104,-28.179626223688715,9.669053982788464,-27.825905946915185,112.1426291229593,-6.605118577256253
193,-27.243061182206134,7.813969296066517,5.86820698797491,-6.7394492796010725,-3.4286332350948725,29.43793433582996,9.355163535622223,-18.868196604181723,-14.834247194967583,13.680781553759541,69.60703956318568,-33.938954303595786,33.92433761663817,6.7482383403997,-23.81454275769294,65.75495272990796,-5.937305525546218,-14.325151531450034,-94.07358070636346,-29.745164515591455,-30.189255378041814,9.431727441691107,-33.39901770720837,106.57089824542547,-10.782687506158382
194,-25.165494998856918,9.131949073946076,-0.10032546005531406,-19.353378496198246,-4.429838756596661,23.958191069255754,10.251082009240832,-15.59818733904232,-10.524882342485782,4.364150338551821,73.8900194956043,-32.843524353760046,29.476532593967853,19.281366724301662,-26.65663656843932,57.01321793150269,-5.967832247168389,-17.16754980366332,-94.45233420878424,-19.878420903418434,-28.789734000959847,11.030068542577148,-30.835189217412086,111.02481460014003,-0.6012147666807408
195,-26.60275066464414,8.682670723123259,-0.34421658150285095,-4.40458585130216,2.89704037726242,23.684057285466125,9.114319008391368,-18.116912573639528,-16.45252070707833,10.97346445569238,77.84101938833496,-33.40390151755447,26.548463819529047,6.956805202425944,-31.715148538338646,53.104870377960445,-8.68758287125177,-25.530106021596982,-93.07693156116706,-18.15319439447234,-36.79896363158533,4.2538601889333885,-35.43246120559141,105.58890700661594,0.743035850769292
196,-25.555321895383226,9.025475517025802,3.751329331974082,-14.231395338876414,-10.388443901979286,23.962251912979546,6.626462538126814,-25.250885987645084,-13.415027915330722,8.235570952149533,71.59396976590675,-33.75084064372614,29.207904963521393,19.913942064380922,-41.33273023507585,54.65623745111463,-11.40947931813945,-30.775370804107876,-95.68194450914676,-25.045261822857142,-31.437433751499317,5.5660733387901855,-37.934862110392004,111.32209841704297,12.816973145250877
197,-25.0408155587527,8.539368446012482,-0.024248210745471732,-4.988596353344375,-4.468582015955933,25.853710214484007,4.805404475070638,-22.010443740768146,-16.95893430695608,4.454633588553367,66.32559488583597,-25.939871965467706,31.82913526274066,2.045617242700998,-29.17780565848402,58.16028934617124,-9.99965658419049,-33.01228171456798,-101.24146653463956,-23.392255037977094,-34.58287922551942,4.736187945875865,-30.110142520649244,116.55015964959846,6.179612491641622
198,-24.070164682403654,9.674072612415575,1.2577174313050778,-10.078111195839748,-3.8453109997470376,23.95754871566201,6.160000053288982,-23.206433820193006,-12.686212002204854,9.390989461983999,70.77442127394887,-23.03476842385978,28.637728050849354,3.992383529789822,-30.28579126902325,58.072445718828995,-8.251577693885821,-31.515705484179062,-94.03434607202621,-24.16958022334803,-38.224938657855255,-2.317775411579162,-30.833047745711546,116.23265299806285,2.143552822250454
199,-27.828966271396176,6.914010542871015,2.802600825501128,-10.939742516076368,-5.077958762529853,26.675594234756787,7.131692043662752,-19.573532086462123,-21.20998093243464,12.330726251885075,74.77922738466985,-21.3203022910368,31.852997823571425,1.2720527402804431,-39.48701472548305,51.79390242100181,-6.028513737644894,-34.24295860342605,-96.58412732247648,-28.989770521000278,-24.976857026912135,-7.465451039649768,-29.74283426175121,111.61244307455473,4.712682790229781
